Plot,PC1,PC2,PC3,,plotStatus
1,-3.551740034,0.83519516,-0.072583979,,Highly Invaded
2,-5.74978509,0.033035579,0.030675006,,Highly Invaded
3,-4.075038647,0.60412278,0.081934832,,Highly Invaded
4,-1.35280772,1.517245395,0.043815343,,Highly Invaded
5,-1.127503837,1.653070238,0.516927987,,Highly Invaded
6,0.467635618,2.367764102,0.758013113,,Highly Invaded
7,-2.154471677,1.43483038,0.503870859,,Highly Invaded
8,-1.183232342,1.8396124,0.760261001,,Highly Invaded
9,-1.098023387,-1.636723906,1.577286014,,Highly Invaded
10,-0.528257049,1.813425478,1.202591937,,Highly Invaded
11,-0.487948828,2.04549401,1.006368542,,Highly Invaded
12,-0.460341694,1.863047613,0.660207619,,Highly Invaded
13,-1.021025238,1.728830138,0.149622985,,Highly Invaded
14,-2.992323598,0.765411148,0.012233787,,Highly Invaded
15,-3.266216279,0.900501199,0.149221794,,Highly Invaded
16,-0.505746408,-4.075257136,-1.445215272,,Highly Invaded
17,-3.880410137,0.05191508,-0.651735356,,Highly Invaded
18,-3.13587909,0.160023357,-0.55835896,,Highly Invaded
19,-5.262586125,-3.149203003,-1.254471647,,Highly Invaded
20,-3.685868855,0.132920436,-0.493213587,,Highly Invaded
21,-3.750673946,0.115722597,-0.528471915,,Highly Invaded
22,4.928120012,2.15432942,-0.962821456,,Highly Invaded
23,0.585790122,2.171644407,0.815416357,,Highly Invaded
24,-4.357673947,-0.017720042,0.206358219,,Highly Invaded
25,-5.917231645,-0.409251495,-0.383936109,,Highly Invaded
26,-3.468190102,-0.008179958,-0.60899949,,Highly Invaded
27,-5.385735877,-2.753259786,-1.133128393,,Highly Invaded
28,-5.585001347,-0.368045633,-0.451359337,,Highly Invaded
29,-5.235138244,-0.107720175,-0.188475452,,Highly Invaded
30,-5.373265043,-2.391965953,-0.7941058,,Highly Invaded
31,-4.345716343,-0.058086832,-0.524844325,,Highly Invaded
32,-4.368926557,-0.00140979,-0.543268861,,Highly Invaded
33,-4.157449722,-0.012133264,-0.529579569,,Highly Invaded
34,-4.780218393,-2.460699558,-1.603948765,,Highly Invaded
35,-2.415741725,1.352775761,0.165506712,,Highly Invaded
36,-2.702168663,1.139743009,0.038882132,,Highly Invaded
37,-2.764014425,0.987278389,0.026546159,,Highly Invaded
38,0.927223354,-0.824675194,-0.331382789,,Highly Invaded
39,-1.31283563,1.614801469,-0.106001105,,Highly Invaded
40,-4.076576974,0.230800519,-0.419592694,,Highly Invaded
41,-4.631165647,-2.768433952,-1.853311896,,Highly Invaded
42,3.198574994,1.580040984,-0.12159602,,Highly Invaded
43,3.19859219,1.41492824,-0.109809511,,Highly Invaded
44,6.195386309,2.085451201,-0.119028385,,Highly Invaded
45,-4.840812422,0.317142016,-0.109641935,,Moderately Invaded
46,-5.326930291,-0.181949717,-0.36197187,,Moderately Invaded
47,-5.357686485,0.184959147,-0.03897688,,Moderately Invaded
48,-5.114486859,0.212889367,-0.032757398,,Moderately Invaded
49,-4.148706059,0.509036922,0.04118147,,Moderately Invaded
50,-5.038495788,0.330422695,0.008801625,,Moderately Invaded
51,-5.071138653,0.231721744,-0.042841931,,Moderately Invaded
52,-4.828950819,0.492017225,0.100742816,,Moderately Invaded
53,-4.951377131,0.331775017,-0.054997094,,Moderately Invaded
54,-5.348877998,0.169574904,-0.001843406,,Moderately Invaded
55,-3.505239131,-0.664157638,3.153551789,,Moderately Invaded
56,-2.825830102,-1.132773883,5.665720597,,Moderately Invaded
57,-2.859880406,-0.416502649,7.021027262,,Moderately Invaded
58,-2.906817802,-1.072415142,5.399470246,,Moderately Invaded
59,-3.425749665,-0.925652186,5.118516451,,Moderately Invaded
60,-1.768990644,-1.0941555,5.924077884,,Moderately Invaded
61,-2.914119819,-0.956287286,5.300430211,,Moderately Invaded
62,-3.649089224,-0.421801099,4.762712807,,Moderately Invaded
63,-2.204040967,-1.534383095,2.672647507,,Moderately Invaded
64,-0.900596462,1.802542434,0.354466736,,Moderately Invaded
65,-0.631817235,2.0427817,0.846951675,,Moderately Invaded
66,0.749276573,2.12574033,1.452665139,,Moderately Invaded
67,1.125448221,2.395885206,0.995220487,,Moderately Invaded
68,1.25632194,-1.316466531,0.854764881,,Moderately Invaded
69,-0.614556464,-1.626499782,1.214258514,,Moderately Invaded
70,-0.714551806,-1.627175344,1.090660014,,Moderately Invaded
71,0.895227823,2.442354228,1.007931681,,Moderately Invaded
72,-2.157660936,1.336259099,0.126161472,,Moderately Invaded
73,-0.408951658,-1.166242406,0.890848267,,Moderately Invaded
74,-0.416869125,1.990026189,0.832344106,,Moderately Invaded
75,-0.748187205,2.104969713,0.641037379,,Moderately Invaded
76,-2.416193333,-1.582962953,0.591257906,,Moderately Invaded
77,0.751301593,2.17789134,1.306389463,,Moderately Invaded
78,0.869874894,2.562455157,1.128211458,,Moderately Invaded
79,1.09898316,-1.671767126,1.8385685,,Moderately Invaded
80,-4.047782227,0.544145098,0.007622264,,Moderately Invaded
81,-3.659708001,0.712669098,0.057207179,,Moderately Invaded
82,-2.431036146,1.304934726,0.424662796,,Moderately Invaded
83,-3.612786769,0.778801772,0.095100441,,Moderately Invaded
84,-2.992302929,0.992986436,0.160870485,,Moderately Invaded
85,-2.330248405,0.881618147,-0.137955992,,Moderately Invaded
86,-5.300621041,0.121335321,-0.237790457,,Moderately Invaded
87,-3.764980493,0.433286085,-0.184675982,,Moderately Invaded
88,13.92903736,-8.91751089,13.48902948,,Moderately Invaded
89,6.400077882,-5.679878264,8.647605902,,Moderately Invaded
90,3.093811814,-5.102841311,4.329629637,,Moderately Invaded
91,3.819802931,-4.7293536,5.033327786,,Moderately Invaded
92,0.987516127,-2.58653739,2.167665088,,Moderately Invaded
93,2.649957492,-2.823886105,6.257505224,,Moderately Invaded
94,-2.755139498,0.859426177,-0.276280893,,Moderately Invaded
95,-2.249550637,1.137005245,-0.232983139,,Moderately Invaded
96,-3.557038291,0.761053337,-0.286540014,,Moderately Invaded
97,-1.223527024,1.316135371,0.042595369,,Moderately Invaded
98,-0.834274427,1.523814994,-0.025249848,,Moderately Invaded
99,-1.758296333,1.301564136,0.08151937,,Moderately Invaded
100,-1.794847907,0.925584696,-0.244532076,,Moderately Invaded
101,-1.139831224,1.274322739,-0.192037666,,Moderately Invaded
102,-1.063799022,1.314961231,-0.2561774,,Moderately Invaded
103,-3.216988064,-2.662319875,0.41603664,,Moderately Invaded
104,-1.819433141,-3.201925591,0.309712033,,Moderately Invaded
105,-3.683667346,-1.653232795,0.317490004,,Moderately Invaded
106,-3.851819367,-0.515661011,0.139837817,,Moderately Invaded
107,-2.959513912,-1.653655261,0.277414402,,Moderately Invaded
108,-2.423854886,-2.315311269,-0.128176431,,Moderately Invaded
109,-2.654688866,-1.947765999,-0.499153475,,Moderately Invaded
110,-3.440706636,-0.885897221,0.179964027,,Moderately Invaded
111,-1.366837274,1.764914095,0.544698275,,Moderately Invaded
112,3.341869663,-2.085655187,-0.508765781,,Moderately Invaded
113,-2.351009334,0.661336912,-0.387879073,,Moderately Invaded
114,-2.837074271,0.609363652,-0.323946549,,Moderately Invaded
115,1.153525361,-1.218167817,-0.484549593,,Moderately Invaded
116,-3.783272173,0.442751491,-0.247919408,,Moderately Invaded
117,-2.067573932,1.200756491,-0.01298139,,Moderately Invaded
118,-0.322956821,1.469840481,0.124334641,,Moderately Invaded
119,1.079414919,-1.018076889,-0.239431648,,Moderately Invaded
120,-3.605345352,0.802385391,0.021689939,,Moderately Invaded
121,-2.67309645,1.133410296,0.095998787,,Moderately Invaded
122,-4.007833514,0.527912246,-0.090707497,,Moderately Invaded
123,-2.227957976,0.894071941,-0.119280873,,Moderately Invaded
124,0.840818163,-1.49726311,-1.018131098,,Moderately Invaded
125,-3.526171891,0.777156911,-0.094148447,,Moderately Invaded
126,-1.144397179,1.224934276,-0.154729701,,Moderately Invaded
127,2.395751,-2.010024291,-1.109884269,,Moderately Invaded
128,-4.463756123,0.45309148,-0.033682083,,Moderately Invaded
129,-2.093016029,-0.919307338,0.64292049,,Moderately Invaded
130,-5.024336441,0.154535555,-0.310299085,,Moderately Invaded
131,-3.369602884,0.754470164,-0.101996528,,Moderately Invaded
132,-3.861027423,0.739678705,-0.038317023,,Moderately Invaded
133,-3.377019719,0.816833787,-0.129934843,,Moderately Invaded
134,0.254145325,-0.852132014,-0.639809008,,Moderately Invaded
135,0.417823083,-1.203301773,-0.373976474,,Moderately Invaded
136,-4.050978644,0.492849979,-0.367607568,,Moderately Invaded
137,-3.316165933,0.354241662,-0.295874715,,Moderately Invaded
138,-0.965428432,0.682218512,-0.518950056,,Moderately Invaded
139,-0.662928284,0.600476273,-0.6088834,,Moderately Invaded
140,-2.356706698,0.677147758,0.024975095,,Moderately Invaded
141,-2.944072382,0.105171267,-0.740017295,,Moderately Invaded
142,-1.202660385,0.651908506,0.06810125,,Moderately Invaded
143,0.712713906,1.412666459,0.20965514,,Moderately Invaded
144,-4.315450565,0.221705525,-0.311482241,,Moderately Invaded
145,-2.805548935,0.49589688,-0.550488013,,Moderately Invaded
146,-4.184380929,0.103712522,-0.471701201,,Moderately Invaded
147,-4.786177364,-0.20409883,-0.552446374,,Moderately Invaded
148,-5.265815212,-2.894930029,-1.563443083,,Moderately Invaded
149,-5.21066977,-2.595469905,-1.483041386,,Moderately Invaded
150,-4.992005558,-0.225290292,-0.565994416,,Moderately Invaded
151,-4.56442677,0.012588362,-0.520641986,,Moderately Invaded
152,-4.066015417,0.014074409,-0.561114286,,Moderately Invaded
153,-5.053233874,-2.912367371,-0.739239334,,Moderately Invaded
154,-5.297711267,-1.453354675,-0.611801836,,Moderately Invaded
155,-2.97469592,-3.066748936,-0.517214417,,Moderately Invaded
156,-4.976056124,-2.120684166,-0.81091805,,Moderately Invaded
157,-4.047629447,-3.323809399,-0.859327267,,Moderately Invaded
158,-4.765042213,-2.03361292,-0.700328889,,Moderately Invaded
159,-4.838063898,-2.286569503,-0.987797126,,Moderately Invaded
160,-4.355938021,-2.559231242,-1.48616074,,Moderately Invaded
161,-4.031932672,-3.239605064,-1.254647299,,Moderately Invaded
162,-2.250934826,0.610305313,-0.527029939,,Moderately Invaded
163,5.610826586,2.785532375,0.988179219,,Moderately Invaded
164,8.276154525,2.064554849,0.471823843,,Moderately Invaded
165,10.57437317,0.762024932,0.510770387,,Moderately Invaded
166,0.89219096,2.655511266,1.090907893,,Moderately Invaded
167,1.429862231,2.53911462,1.14976552,,Moderately Invaded
168,3.82589328,-0.181515768,9.615003308,,Moderately Invaded
169,0.606642742,2.416144764,1.028356282,,Moderately Invaded
170,4.867677684,-0.603382709,10.5949106,,Moderately Invaded
171,-0.198719474,2.249725881,0.966150426,,Moderately Invaded
172,2.80999138,2.869133502,1.524133884,,Moderately Invaded
173,1.958959371,2.990289742,1.305977436,,Moderately Invaded
174,-3.776798329,-3.508974927,-0.559450953,,Moderately Invaded
175,-0.709712869,1.945520118,0.453435369,,Moderately Invaded
176,-2.272011952,1.391716033,0.285239174,,Moderately Invaded
177,-0.00310871,2.117613305,0.79365419,,Moderately Invaded
178,-0.153826107,1.758046815,0.710040812,,Moderately Invaded
179,-0.856083825,1.84273695,0.449324196,,Moderately Invaded
180,-3.266033278,0.980199764,0.106215769,,Moderately Invaded
181,2.700658233,2.236741576,1.096641152,,Moderately Invaded
182,-0.757404458,1.694457534,0.458022857,,Moderately Invaded
183,-3.797615516,0.718948842,0.056174187,,Moderately Invaded
184,-2.206396049,1.204436259,0.11740914,,Moderately Invaded
185,-0.508803893,1.670700373,0.234124193,,Moderately Invaded
186,-1.248134807,1.548831374,0.284256161,,Moderately Invaded
187,-2.083930643,1.207382199,0.097214681,,Moderately Invaded
188,-1.480134276,1.504948966,0.295997515,,Moderately Invaded
189,-1.070555793,1.597118942,0.078113999,,Moderately Invaded
190,-1.780413992,1.399274662,0.121440486,,Moderately Invaded
191,-0.795345187,1.764289163,0.611884919,,Moderately Invaded
192,1.246654084,2.26878187,0.488281933,,Moderately Invaded
193,-2.528212304,1.266177393,0.292157541,,Moderately Invaded
194,-0.917923522,1.779240426,0.360839105,,Moderately Invaded
195,-3.201643427,0.991379556,0.255570656,,Moderately Invaded
196,-1.382431102,1.638078641,0.216714525,,Moderately Invaded
197,-2.168557328,1.267575648,0.29384791,,Moderately Invaded
198,-0.86111572,1.534034152,0.25084576,,Moderately Invaded
199,-3.05543079,1.044705685,0.135202669,,Moderately Invaded
200,-2.475199374,1.178711407,0.089655673,,Moderately Invaded
201,-2.016406864,1.313507799,0.418609446,,Moderately Invaded
202,-0.510383357,1.643591591,0.385581704,,Moderately Invaded
203,-2.782530606,1.210594497,0.2818288,,Moderately Invaded
204,-1.763498632,1.452309881,0.288950574,,Moderately Invaded
205,-3.35689156,0.924680696,0.155958832,,Moderately Invaded
206,-1.653482069,1.450766181,0.010930537,,Moderately Invaded
207,-6.54301237,-0.361416312,-0.184094673,,Moderately Invaded
208,-6.602833135,-0.357923484,-0.158686837,,Moderately Invaded
209,-5.056467657,0.15106563,0.025526534,,Moderately Invaded
210,-5.532312071,-0.05730083,-0.320743148,,Moderately Invaded
211,-5.304567382,0.028374237,-0.274375778,,Moderately Invaded
212,-3.864426026,0.71380152,0.01631716,,Moderately Invaded
213,-5.002919093,-0.152547182,-0.070562717,,Moderately Invaded
214,-3.764906846,0.180862009,0.127848302,,Moderately Invaded
215,-3.957899508,0.086704141,0.130060017,,Moderately Invaded
216,-5.271512176,-0.359823084,-0.504413694,,Moderately Invaded
217,-3.955415516,0.243448617,-0.237887439,,Moderately Invaded
218,-4.485861375,-0.108883122,-0.463716355,,Moderately Invaded
219,-5.239490662,-2.68968057,-1.67643257,,Moderately Invaded
220,-2.359947609,1.364984736,0.482656379,,Moderately Invaded
221,-1.496452401,1.732117945,0.407203569,,Moderately Invaded
222,-0.749449135,-0.347001599,0.234586345,,Moderately Invaded
223,0.618269223,-1.306897591,0.903651967,,Moderately Invaded
224,-5.097861023,-0.43005988,-0.41845169,,Moderately Invaded
225,-5.734113042,-0.165893578,-0.35881411,,Moderately Invaded
226,-6.053141503,-0.673776559,-0.490239009,,Moderately Invaded
227,-4.618391525,-0.558873248,-0.428121406,,Moderately Invaded
228,-5.532033881,-0.812999547,-0.528027852,,Moderately Invaded
229,6.638366247,1.521994659,-0.392806276,,Moderately Invaded
230,-3.208660866,0.631301972,-0.211283839,,Moderately Invaded
231,-4.326968845,0.358316593,-0.234271884,,Moderately Invaded
232,-2.461126192,0.965115025,-0.085057448,,Moderately Invaded
233,-1.334321508,1.321669141,-0.228651798,,Moderately Invaded
234,-1.104333066,1.316668765,-0.011076947,,Moderately Invaded
235,-4.93142665,0.044182596,-0.376065489,,Moderately Invaded
236,-4.543640875,0.400957679,-0.289355219,,Moderately Invaded
237,-2.279545064,-1.241209231,-0.793184848,,Moderately Invaded
238,-5.075825885,-0.634441378,-0.287091421,,Moderately Invaded
239,-5.294484519,-0.34729074,-0.102152307,,Moderately Invaded
240,-5.207109718,-0.27142808,-0.004559391,,Moderately Invaded
241,-4.614075087,0.01673933,0.175524602,,Moderately Invaded
242,-1.689441213,0.793967383,-0.262920336,,Moderately Invaded
243,-1.574208982,0.982917968,-0.074858864,,Moderately Invaded
244,-2.227436797,0.639190482,-0.275213026,,Moderately Invaded
245,-3.164723444,0.486845891,-0.238592623,,Moderately Invaded
246,-1.555588763,0.991043651,-0.12041894,,Moderately Invaded
247,-2.214746236,0.623699132,-0.253199072,,Moderately Invaded
248,1.034600445,1.521228714,0.205750653,,Moderately Invaded
249,-3.301750034,-0.125635113,0.814206176,,Moderately Invaded
250,-3.751623439,-0.352345567,0.299194032,,Moderately Invaded
251,-5.91710855,-0.973804876,-0.386941117,,Moderately Invaded
252,-5.917814083,-0.967297667,-0.194826189,,Moderately Invaded
253,-6.592825376,-1.017472733,-0.251559517,,Moderately Invaded
254,-5.59541758,-0.884276512,-0.301992738,,Moderately Invaded
255,-5.62295761,-0.977541981,-0.18738076,,Moderately Invaded
256,-5.413878943,-0.065028875,0.012125813,,Moderately Invaded
257,-4.526877825,0.344425736,0.037521848,,Moderately Invaded
258,-6.688011016,-0.406201858,-0.17220147,,Moderately Invaded
259,-6.644628266,-0.310231512,-0.173708591,,Moderately Invaded
260,-6.918360401,-0.412762397,-0.191782769,,Moderately Invaded
261,-6.043102141,-0.257311513,-0.080018565,,Moderately Invaded
262,-4.559710503,0.125722996,0.175656425,,Moderately Invaded
263,-4.767106906,0.098482924,-0.102277018,,Moderately Invaded
264,-4.655746144,0.277170456,-0.124631304,,Moderately Invaded
265,-6.332284172,-0.377480385,-0.236546157,,Moderately Invaded
266,-6.377377188,-0.404848166,-0.085769863,,Moderately Invaded
267,-6.110141022,-0.394097182,-0.165074918,,Moderately Invaded
268,-6.18907948,-0.437509887,-0.233786758,,Moderately Invaded
269,-5.786003748,-0.208553705,-0.30550514,,Moderately Invaded
270,-5.931560669,-0.184692201,-0.301202249,,Moderately Invaded
271,-5.657698601,-0.165054064,-0.342784366,,Moderately Invaded
272,-5.885537611,-0.231085901,-0.352947502,,Moderately Invaded
273,-6.130770249,-0.34879941,-0.343404875,,Moderately Invaded
274,-6.121238191,-0.262264947,-0.283117581,,Moderately Invaded
275,3.811752888,1.409991508,0.200906151,,Moderately Invaded
276,4.023260254,1.989959584,0.171273412,,Moderately Invaded
277,7.683307936,-2.772356118,9.200252595,,Moderately Invaded
278,9.519964744,2.554269768,-0.296339087,,Moderately Invaded
279,-4.562631154,0.504391747,-0.189685751,,Moderately Invaded
280,-3.620591099,1.006026474,0.114955815,,Moderately Invaded
281,-2.132096979,1.448180432,0.225446252,,Moderately Invaded
282,-2.424014108,1.349956285,0.251439975,,Moderately Invaded
283,-3.48288601,0.974507206,0.051007975,,Moderately Invaded
284,-2.797431926,1.274796688,0.310011634,,Moderately Invaded
285,-2.548945209,1.439426277,0.241048173,,Moderately Invaded
286,-2.824185639,1.237838974,0.196019547,,Moderately Invaded
287,-2.983361657,-1.370106161,0.850106783,,Moderately Invaded
288,-1.837776318,-0.900374977,0.86743144,,Moderately Invaded
289,7.105718141,1.611679389,-0.768911442,,Not Invaded
290,4.355877697,1.646717549,0.226599514,,Not Invaded
291,4.335459345,-4.428818663,-1.053304168,,Not Invaded
292,6.556364177,1.497661847,-0.835992653,,Not Invaded
293,6.285945556,1.792804877,-0.162667689,,Not Invaded
294,4.280852495,-4.212326673,-0.774745657,,Not Invaded
295,6.965993258,1.961155942,0.392087427,,Not Invaded
296,3.617198468,-2.978371343,-1.202134279,,Not Invaded
297,6.273375894,1.955462985,-1.319446541,,Not Invaded
298,6.322985056,1.993575161,-0.532116578,,Not Invaded
299,4.739373224,-5.15920463,-1.387042737,,Not Invaded
300,-2.884051395,0.690768927,-0.283269761,,Not Invaded
301,-1.746913237,1.017162204,-0.426265475,,Not Invaded
302,3.847071371,-5.642037959,5.254378459,,Not Invaded
303,-2.674407914,0.9578338,-0.153754182,,Not Invaded
304,6.600522822,2.017578027,-0.758546576,,Not Invaded
305,4.159943286,2.294743681,0.246624086,,Not Invaded
306,9.433012062,2.045358502,1.56920042,,Not Invaded
307,-0.454900697,2.317524329,0.747852501,,Not Invaded
308,1.433372856,2.911145728,1.007517703,,Not Invaded
309,3.561749051,-0.097311653,10.03050691,,Not Invaded
310,-2.04944609,1.272382747,-0.02037322,,Not Invaded
311,2.635340669,-1.729053942,-1.560614233,,Not Invaded
312,2.386385107,1.573687198,-0.048327641,,Not Invaded
313,-0.962529439,-0.556270752,-0.620580191,,Not Invaded
314,3.458288155,1.994914683,0.104252142,,Not Invaded
315,2.665329435,-1.603298157,-1.123169086,,Not Invaded
316,1.299042646,1.299766596,-0.538658359,,Not Invaded
317,3.971108914,-2.400940334,-2.045793274,,Not Invaded
318,-1.307429449,1.193600801,-0.010995736,,Not Invaded
319,-3.251252065,-0.19791894,-0.366387237,,Not Invaded
320,3.826889012,-5.38394935,-0.398293793,,Not Invaded
321,-1.975522049,1.408239494,0.209884498,,Not Invaded
322,3.311815095,-4.791873197,-0.220481523,,Not Invaded
323,-1.327557255,1.139417911,-0.386095974,,Not Invaded
324,7.846913426,-4.525542219,-1.280281996,,Not Invaded
325,-0.94614221,-1.739424821,-0.384517722,,Not Invaded
326,6.51652113,-6.85468499,-0.381820202,,Not Invaded
327,-0.807820761,-2.70671606,-1.354331513,,Not Invaded
328,1.43020603,-2.924144591,-1.850100202,,Not Invaded
329,3.471090621,-2.779500731,-1.677685342,,Not Invaded
330,-3.680209145,-0.549658404,-0.219090581,,Not Invaded
331,-3.663250188,-0.800204216,-0.304624381,,Not Invaded
332,1.573771508,1.152218829,-0.607774911,,Not Invaded
333,1.129127552,-1.233720203,-0.920824937,,Not Invaded
334,-3.929403208,0.43918705,-0.264659089,,Not Invaded
335,-0.066727783,1.299648681,-0.348230544,,Not Invaded
336,-2.828048802,0.890503582,-0.090458745,,Not Invaded
337,1.900760879,-1.538174103,-0.429572869,,Not Invaded
338,-2.343929749,-1.556917637,0.820345449,,Not Invaded
339,-2.108213031,-0.118096434,0.54256577,,Not Invaded
340,-2.600055094,0.519051164,-0.372312146,,Not Invaded
341,-2.24121089,0.953925322,-0.256482107,,Not Invaded
342,1.70795154,-1.634121954,-1.533265213,,Not Invaded
343,-5.369617818,-0.029837901,-0.393374209,,Not Invaded
344,-3.6239552,0.609809248,-0.260119182,,Not Invaded
345,-1.573300566,-1.305635306,-0.992525065,,Not Invaded
346,-5.336597021,0.015783838,-0.26625644,,Not Invaded
347,-4.600885947,0.065619747,-0.387102682,,Not Invaded
348,-4.333524394,0.212767516,-0.210857134,,Not Invaded
349,-3.582495105,0.664931339,-0.128263302,,Not Invaded
350,13.37801033,-0.840315909,-0.67429719,,Not Invaded
351,7.732996144,1.556325008,-1.418130863,,Not Invaded
352,9.153977995,1.016058458,-1.102901697,,Not Invaded
353,11.9295066,0.114266489,-1.024220406,,Not Invaded
354,4.807975669,1.186921439,-1.002552526,,Not Invaded
355,6.591600369,2.061127563,-1.064784505,,Not Invaded
356,7.53479788,0.93794706,-0.304086474,,Not Invaded
357,2.548407028,-4.281603214,-0.884643409,,Not Invaded
358,4.850296633,1.273695454,-0.965731487,,Not Invaded
359,5.398939917,1.122889512,-0.186409175,,Not Invaded
360,2.866775094,-4.290196791,-1.62387181,,Not Invaded
361,4.752231374,1.169970435,-1.686542685,,Not Invaded
362,3.97195648,1.320131364,-0.296212612,,Not Invaded
363,3.719765806,-4.159926458,-2.192956399,,Not Invaded
364,5.183898734,1.544520568,-1.405434238,,Not Invaded
365,5.699907865,1.701375668,-0.502871398,,Not Invaded
366,4.330898699,-6.259329739,-1.095128574,,Not Invaded
367,-4.721185579,-0.051747807,-0.10002077,,Not Invaded
368,-4.788695353,0.136932244,-0.21572434,,Not Invaded
369,-4.829820024,0.191177148,-0.218062876,,Not Invaded
370,-6.650398232,-0.327668333,-0.356933079,,Not Invaded
371,-6.149511956,-0.242984541,-0.415626608,,Not Invaded
372,-5.14397527,0.11991484,-0.397863406,,Not Invaded
373,-6.805598134,-0.382662089,-0.333554261,,Not Invaded
374,-6.324543708,-0.250909116,-0.372447064,,Not Invaded
375,-6.716001836,-0.334996454,-0.334122264,,Not Invaded
376,-6.048531232,-0.211194741,-0.39148367,,Not Invaded
377,-6.963527433,-0.416306572,-0.327387547,,Not Invaded
378,-6.284205832,-0.251630434,-0.391536547,,Not Invaded
379,3.102913843,1.517556105,-0.217182767,,Not Invaded
380,6.938110121,-2.431919247,-2.127160504,,Not Invaded
381,-3.654382607,0.988317199,0.153804974,,Not Invaded
382,-4.67511866,0.138261991,-0.519178647,,Not Invaded
383,-2.221958232,-1.206063118,-1.172461013,,Not Invaded
384,-5.541197731,-0.038407888,-0.288574637,,Not Invaded
385,-5.238430521,-0.124944286,-0.435123375,,Not Invaded
386,-4.153766485,0.462169068,-0.298252533,,Not Invaded
387,-5.297065143,-0.014249281,-0.334516422,,Not Invaded
388,-3.992782322,0.615974701,-0.113880758,,Not Invaded
389,-2.571366873,-1.089110138,-0.453220803,,Not Invaded
390,-0.876460975,0.527714746,-0.874264825,,Not Invaded
391,1.10357161,0.618936828,-1.098207852,,Not Invaded
392,0.556038752,0.592240722,-1.307745102,,Not Invaded
393,-0.787297986,0.905307849,-0.428313357,,Not Invaded
394,-0.262536071,0.440468379,-0.285924107,,Not Invaded
395,-1.615212495,0.3216419,-0.179514534,,Not Invaded
396,1.661778813,1.202165466,0.105097867,,Not Invaded
397,-0.988834676,-1.042327842,-0.091434208,,Not Invaded
398,3.395440025,0.982534513,-0.773506811,,Not Invaded
399,1.143625997,0.69300777,-1.2706009,,Not Invaded
400,5.826543109,0.673647663,-1.017908589,,Not Invaded
401,-0.016498583,0.570856701,-1.219842089,,Not Invaded
402,0.38756045,0.50272123,-1.525862236,,Not Invaded
403,6.782882195,0.813682386,-0.622389305,,Not Invaded
404,-0.173865157,0.486485023,-1.055123629,,Not Invaded
405,2.758475504,0.589544943,-0.159213915,,Not Invaded
406,2.377196161,0.385748073,-0.52643573,,Not Invaded
407,6.576154841,1.098819753,-0.594515065,,Not Invaded
408,4.03391683,0.668985672,-0.82110965,,Not Invaded
409,4.304831348,0.80027756,-1.102403386,,Not Invaded
410,5.671135737,0.28105766,-0.189476793,,Not Invaded
411,0.574566387,0.090716997,-0.723705007,,Not Invaded
412,6.387253676,0.881662693,-1.143714836,,Not Invaded
413,3.168336247,0.69215859,-0.01953783,,Not Invaded
414,4.433888461,0.827469534,-0.79055464,,Not Invaded
415,5.235886231,0.191193762,-0.54760636,,Not Invaded
416,7.038522227,0.674080466,0.571021589,,Not Invaded
417,2.87356252,0.57337406,-0.560360042,,Not Invaded
418,4.792127418,0.55744456,-0.817050981,,Not Invaded
419,2.872687968,0.523236635,-0.584026142,,Not Invaded
420,3.48115377,0.478039855,-0.627471941,,Not Invaded
421,5.513156619,0.661468871,-0.861800457,,Not Invaded
422,5.809282163,0.356741523,-0.310671013,,Not Invaded
423,2.480670867,0.356557414,-0.721572082,,Not Invaded
424,2.40770847,0.837015608,-0.948169975,,Not Invaded
425,5.155216205,0.303754968,-0.060890609,,Not Invaded
426,3.612616234,0.441275985,-0.778217601,,Not Invaded
427,3.207091135,1.127048819,-0.729827648,,Not Invaded
428,5.699153632,0.218225591,-0.348611681,,Not Invaded
429,1.517992673,0.297502422,-0.673816404,,Not Invaded
430,3.028057127,1.007172855,-0.817280919,,Not Invaded
431,2.059343134,0.523485085,0.160197269,,Not Invaded
432,4.346965462,0.652865324,-0.946829089,,Not Invaded
433,4.54463807,0.732759504,-0.863600225,,Not Invaded
434,6.433598336,0.352280794,0.537978627,,Not Invaded
435,-3.063912971,0.261735789,-0.715855463,,Not Invaded
436,-2.141737352,0.676043203,-0.72677186,,Not Invaded
437,-3.257821638,0.488339381,-0.629471345,,Not Invaded
438,-2.126660063,0.62301648,-0.702047492,,Not Invaded
439,-3.541181269,0.421962488,-0.449675865,,Not Invaded
440,-2.494355452,0.524297525,-0.574558065,,Not Invaded
441,10.33452764,-1.118869464,-1.040666928,,Not Invaded
442,8.476572951,-0.587915419,-2.015967666,,Not Invaded
443,8.334128322,0.248430187,-1.50342231,,Not Invaded
444,7.916599163,0.084811132,-2.070367672,,Not Invaded
445,8.393538482,-0.530883337,-1.836828075,,Not Invaded
446,9.165608328,1.683185079,-1.257012239,,Not Invaded
447,10.43259221,0.916021646,-2.298529211,,Not Invaded
448,8.472117631,0.740935717,-1.884470673,,Not Invaded
449,11.38945747,0.416818767,-1.208411345,,Not Invaded
450,8.295071989,-0.916402956,-1.215344253,,Not Invaded
451,7.13281453,0.493613518,-2.183545965,,Not Invaded
452,9.99987332,0.366573418,-1.890966957,,Not Invaded
453,9.226591752,-0.081789651,-2.24409438,,Not Invaded
454,8.360069082,-0.237603017,-2.351762954,,Not Invaded
455,8.205804817,0.643463731,-1.665207499,,Not Invaded
456,4.276707414,-9.313134345,-0.802571091,,Not Invaded
457,3.691024973,-9.62529461,1.019984127,,Not Invaded
458,4.614402434,-11.00323594,-0.748877123,,Not Invaded
459,3.169727646,-10.38514588,-1.356288374,,Not Invaded
460,4.545410842,-9.177485861,-2.616157507,,Not Invaded
461,2.327029676,2.173733563,0.280519748,,Not Invaded
462,5.638963024,2.648251787,1.26187766,,Not Invaded
463,4.737213067,2.514956668,1.018086522,,Not Invaded
464,5.820349356,2.456516362,-0.580742961,,Not Invaded
465,6.081993067,2.337950895,-0.736873193,,Not Invaded
466,11.21700908,2.061154887,0.97969007,,Not Invaded
467,11.64834451,0.848790005,0.964805995,,Not Invaded
468,4.115968368,2.450463159,0.341317922,,Not Invaded
469,6.766876253,2.841673949,1.311766617,,Not Invaded
470,10.55624081,2.954410292,2.697424909,,Not Invaded
471,11.11670581,2.2417509,1.662315369,,Not Invaded
472,3.942118875,1.968621921,-0.739996573,,Not Invaded
473,7.329197323,1.839339262,-0.215715885,,Not Invaded
474,9.091735419,2.207878909,-0.029266992,,Not Invaded
475,11.91588096,1.325509987,0.718816223,,Not Invaded
476,3.433497375,2.193165614,-0.704766793,,Not Invaded
477,6.74116687,2.377892772,-0.782909279,,Not Invaded
478,10.47362566,2.77619552,0.07748802,,Not Invaded
479,11.00502488,1.944252741,-0.183981673,,Not Invaded
480,3.51899769,1.977217048,0.309704247,,Not Invaded
481,6.067174571,2.261079666,-0.474334227,,Not Invaded
482,9.839636919,1.832801579,1.217633951,,Not Invaded
483,9.224594311,1.708225916,1.190333555,,Not Invaded
484,5.083667089,2.084344725,-0.480776775,,Not Invaded
485,6.609685168,2.06334306,-0.787837216,,Not Invaded
486,11.51228823,1.135508961,0.872360552,,Not Invaded
487,2.718379808,1.638795597,-0.446351593,,Not Invaded
488,1.00250161,2.047191825,1.007925192,,Not Invaded
489,2.427952807,2.314340266,1.4180035,,Not Invaded
490,1.667814306,2.804887918,1.240357681,,Not Invaded
491,-0.347491398,2.259263685,0.73811733,,Not Invaded
492,2.197844013,2.979440715,1.073547543,,Not Invaded
493,3.068658225,0.08177998,8.576627372,,Not Invaded
494,0.349497307,2.424041622,0.914482925,,Not Invaded
495,2.551379503,2.706109527,1.519102681,,Not Invaded
496,4.171943869,-1.232051291,8.586169415,,Not Invaded
497,-0.688341147,2.230928525,0.83085977,,Not Invaded
498,3.829584876,-0.691404952,8.700090824,,Not Invaded
499,-6.649075607,-0.301680103,-0.148761238,,Not Invaded
500,-4.517136909,0.230340924,-0.048012367,,Not Invaded
501,-6.885212516,-0.42935665,-0.196393865,,Not Invaded
502,-4.748071831,0.206082773,0.012941638,,Not Invaded
503,-6.707673462,-0.353056437,-0.142005562,,Not Invaded
504,-5.188490892,0.11170255,0.024465017,,Not Invaded
505,-5.135396184,0.066961443,0.004016633,,Not Invaded
506,-6.452276161,-0.255055173,-0.137120316,,Not Invaded
507,-0.671166417,0.652988347,0.282299592,,Not Invaded
508,-0.411242651,0.722742321,-0.223659988,,Not Invaded
509,2.042948198,1.43647172,0.541570518,,Not Invaded
510,3.894720037,0.940900578,1.063964448,,Not Invaded
511,3.935355294,0.831387878,-0.377349517,,Not Invaded
512,2.480623164,1.592568072,0.675499142,,Not Invaded
513,-0.300394114,0.923448817,0.017062634,,Not Invaded
514,2.011591697,0.778760411,-1.197264124,,Not Invaded
515,1.359820904,0.663862136,-0.610231854,,Not Invaded
516,8.600743824,-4.789129143,-4.589635579,,Not Invaded
517,2.325036522,1.468708373,-0.809445882,,Not Invaded
518,8.060892653,-6.230541367,-3.751626258,,Not Invaded
519,1.061165119,0.795807181,-1.215149804,,Not Invaded
520,6.527136277,-6.659046267,0.187294652,,Not Invaded
521,4.234240312,1.387491307,-1.925623199,,Not Invaded
522,9.443021424,-4.894582614,-2.335858825,,Not Invaded
523,4.527375298,1.415751127,0.420066046,,Not Invaded
524,4.306079797,-3.646743385,-1.362353553,,Not Invaded
525,-4.960550012,-0.099166016,-0.298943113,,Not Invaded
526,-7.206659351,-0.522142692,-0.281961701,,Not Invaded
527,-6.317125611,-0.337182156,-0.42638427,,Not Invaded
528,0.999529254,-3.736337987,2.875626464,,Not Invaded
529,3.63253442,1.700747705,-0.090642339,,Not Invaded
530,6.132162382,2.131262147,-0.169196547,,Not Invaded
531,7.478982643,1.757896969,0.143124414,,Not Invaded
532,-3.862195878,0.319415046,-0.205605264,,Not Invaded
533,-3.718596129,0.666279392,-0.249942757,,Not Invaded
534,-0.755074617,-2.040327762,-0.866714921,,Not Invaded
535,-3.012248362,0.780214065,-0.208244483,,Not Invaded
536,9.077553199,0.104942062,-0.742289852,,Not Invaded
537,8.230694448,1.292406397,-1.492522896,,Not Invaded
538,6.854819451,1.296958709,-0.859750027,,Not Invaded
539,10.48112989,-0.317763185,0.237466847,,Not Invaded
540,6.181345262,-6.195318319,-3.065167633,,Not Invaded
541,6.339480828,1.577765206,-1.770288856,,Not Invaded
542,7.400160411,-5.417808738,-1.970806827,,Not Invaded
543,4.544589493,1.459856096,-2.589572875,,Not Invaded
544,12.16329155,-4.056146639,-4.954052755,,Not Invaded
545,3.927589121,0.882426317,-1.865070934,,Not Invaded
546,9.716915673,-3.687833395,-1.734703288,,Not Invaded
547,7.704761478,-0.662887676,-1.242062868,,Not Invaded
548,7.746563502,1.264839317,-1.354902902,,Not Invaded
549,-4.068940969,-0.341218882,0.849018818,,Not Invaded
550,-3.226571175,-0.256072299,0.530034994,,Not Invaded
551,-3.146842239,0.151094275,0.951851895,,Not Invaded
552,-6.818079232,-1.033363384,-0.364477814,,Not Invaded
553,-6.127438305,-0.973815784,-0.236661675,,Not Invaded
554,-5.412970858,-1.048378943,-0.362182743,,Not Invaded
555,-5.948524938,-0.970495128,-0.209219167,,Not Invaded
556,-7.096349442,-0.556948389,-0.245259643,,Not Invaded
557,-5.219210265,0.119305015,-0.082634247,,Not Invaded
558,-6.135530331,-0.352671124,-0.192837278,,Not Invaded
559,-6.641963633,-0.465441767,-0.228700466,,Not Invaded
560,-6.424386652,-0.386033341,-0.19980706,,Not Invaded
561,-3.576603647,0.362853053,-0.466768279,,Not Invaded
562,3.235175158,0.386168532,-2.164978995,,Not Invaded
563,8.870949933,-1.90412759,-2.80118145,,Not Invaded
564,8.506334624,0.083763028,-1.204572509,,Not Invaded
565,1.501314418,-8.592720383,-0.653202486,,Not Invaded
566,2.931294731,-10.97657784,-0.027800629,,Not Invaded
567,1.986202789,-8.862571464,-0.787988741,,Not Invaded
568,6.348395493,-1.829282387,-1.277134633,,Not Invaded
569,3.601288745,-1.116059671,-1.856482861,,Not Invaded
570,8.389993956,-0.357552124,-1.177954712,,Not Invaded
571,1.352175234,0.119453455,-1.162823138,,Not Invaded
572,-6.394162178,-0.776279434,-0.53688426,,Not Invaded
573,-5.330528733,-0.130306404,-0.368575994,,Not Invaded
574,-5.310371782,-0.215828565,-0.463153161,,Not Invaded
575,-6.035199938,-0.508063828,-0.514434267,,Not Invaded
576,-6.540557686,-0.947734436,-0.576161849,,Not Invaded
577,-3.868217062,0.587645111,-0.087756729,,Not Invaded
578,-1.487697821,1.001362922,-0.142849288,,Not Invaded
579,-2.400322686,0.780157051,-0.51083561,,Not Invaded
580,3.088210554,1.408312322,-0.548003953,,Not Invaded
581,4.87050381,1.267025184,-0.971335599,,Not Invaded
582,5.69388111,0.943005328,-0.472690933,,Not Invaded
583,12.57594041,1.543428983,-0.763294878,,Not Invaded
584,1.740413659,1.276172294,0.001976771,,Not Invaded
585,4.847905231,2.114432326,0.595348965,,Not Invaded
586,6.601650806,2.209045047,1.086102026,,Not Invaded
587,5.402353327,1.719267234,-0.152459018,,Not Invaded
588,7.245780843,1.182462299,-0.146043201,,Not Invaded
589,-1.712556534,-1.149394556,1.13392789,,Not Invaded
590,-2.459338864,-1.575946749,0.836076021,,Not Invaded
591,-1.534010985,-2.072121291,0.892566883,,Not Invaded
592,4.70332721,-11.08800059,1.241166925,,Not Invaded
