plotID,YearStart,YearEnd,siteID,domainID,decimalLatitude,decimalLongitude,nlcdClass,Habitat,I,N,NI,EF,c8To0Concentration,c10To0Concentration,c11To0Concentration,lipid2OH10To0Concentration,c12To0Concentration,c13To0Concentration,lipid2OH12To0Concentration,lipid3OH12To0Concentration,c14To1Concentration,c14To0Concentration,i14To0Concentration,i15To0Concentration,aC15To0Concentration,c15To0Concentration,c15To1Concentration,lipid2OH14To0Concentration,lipid3OH14To0Concentration,i16To0Concentration,cis16To1n9Concentration,c16To1n7Concentration,c16To1Cis11Concentration,c16To0Concentration,lipid10Methyl16To0Concentration,i17To0Concentration,c17To1Concentration,cyclo17To0Concentration,c17To0Concentration,c17To0AnteisoConcentration,c17To1n7Concentration,lipid2OH16To0Concentration,lipid10Methyl17To0Concentration,lipid10Methyl17To1Concentration,c18To1n13Concentration,c18To3n6Concentration,cis18To2n912Concentration,cis18To1n9Concentration,trans18To1n9Concentration,trans18To2n912Concentration,c18To3n3Concentration,c18To1n11Concentration,c18To0Concentration,lipid10Methyl18To0Concentration,lipid10Methyl18To1Concentration,cyclo19To0Concentration,c19To0Concentration,c19To1Cis10Concentration,c20To4n6Concentration,c20To5n3Concentration,c20To3n6Concentration,c20To2Concentration,c20To1Concentration,c20To3n3Concentration,c20To0Concentration,c21To0Concentration,c22To2Concentration,c22To1n9Concentration,c22To0Concentration,c22To6CisConcentration,c23To0Concentration,c24To1Concentration,c24To0Concentration,totalLipidConcentration,d15N,organicd13C,nitrogenPercent,organicCPercent,CNratio,soilMoisture,soilInWaterpH,rootC_s,rootN_s,CNratio_s,MI_s,diameter_s,SRL_s,RMF_s,RD_s,RTD_s
CPER_006,2020,2021,CPER,D10,40.814769,-104.748078,grasslandHerbaceous,Herbaceous,1,12.8,0.5,1.494023904,,0,0,0,-0.066666667,0,,,0,-0.181666667,-0.163333334,-1.811666667,-1.053333333,-0.141666667,0,,,-1.025,-1.225,,-0.49,-2.055,-1.76,-0.435,0,-0.866666667,-0.19,-0.51,,0,-0.29,,,0,-0.445,-1.528333334,,,,-1.256666667,,-0.575,,-1.528333333,,,-0.02,0,0,-0.03,-0.041666667,,-0.085,0,0,0,-0.085,0,0,0,-0.156666666,-17.19833333,-0.156481481,0.03363363,0.007285714,-0.152049549,,-0.003416666,0.018333334,389.0611441,14.89052301,0.572837924,24.81484498,0.122419913,501.8864338,0.291052092,13.38844666,0.384470742
CPER_047,2020,2021,CPER,D10,40.818371,-104.746715,grasslandHerbaceous,Herbaceous,-0.5,-9.025,0,-1.063829787,,0,0,0,-0.033333333,0,,,0,-0.193333334,-0.157777777,-1.523888889,-0.867222222,-0.146111111,0,,,-0.871111111,-0.665,0.037777778,-0.26,-1.736111111,-1.239444444,-0.347777777,0,-0.552222222,-0.145,-0.441666667,0.217777778,0,-0.208333333,0.637777778,0.048888889,0,-0.345555556,-0.985,,,,-0.629444444,,-0.462777778,0.03,-1.27,,0,0,0,0,-0.056666667,0,,-0.123888889,0,0,0,-0.112777778,0,0,0,-0.125555556,-12.52333333,0.177777778,0.46851852,-0.056930199,-2.785608462,-2.34722222,0.005111111,-0.109444444,-208.1128312,-3.5033679,-29.70182366,-20.58823531,-0.228449581,-15.6021715,-0.2125,-29.12736891,-0.063847669
HARV_004,2020,2021,HARV,D01,42.427091,-72.229737,mixedForest,Deciduous Forest,0.5,70.95833334,0.5,0.336700337,,0,0,0.098888889,0.202777778,0,,,-0.005,1.322222222,0.639444444,6.35777778,3.26611111,0.915555556,0,,,2.66,6.69444444,,2.85388889,14.59722223,3.64055555,0.063333333,-0.139444444,2.48,1.111111111,0.201111111,,-0.129444444,0.457222222,,,0.77,9.66166667,9.39333333,,,,4.51166666,,-0.498888889,,-6.98944445,,,2.728333334,1.467222222,0.689444445,0.902777777,0.341666667,,0.962777778,0.092222222,-0.023333333,0,1.533333333,0.242777778,0.157777778,-0.000555556,0.783333333,97.975,-0.056230848,0.05324015,-0.020904835,-0.216590354,-0.67361111,1.343166667,-0.056666667,221.4999999,6.2,14.51636731,17.8832396,0.408199082,23.4,0.145591531,21.64856846,0.165
KONZ_002,2020,2021,KONZ,D06,39.119992,-96.546015,grasslandHerbaceous,Herbaceous,1.5,19.80833333,4.25,1.64729569,,0,0,0,0.037777778,0,,,0.008333333,-0.151111111,-0.026111111,-2.00388889,-1.096111111,-0.144444444,0,,,-1.615,-0.285555555,,-0.932222222,-2.48111111,-2.44888889,-1.239444444,0,0.092222222,-0.048888889,-1.055,,-0.048888889,-0.323888889,,,-0.003888889,-1.219444445,-2.56777777,,,,-1.00444445,,-1.1,,-2.65944444,,,-0.296666667,-0.142222222,-0.08,0.194444444,-0.389444445,,-0.004444445,0,0,0,-0.057777777,0,-0.046666667,-0.016666667,-0.24,-8.4116667,0.017351489,0.0610982,-0.000804666,0.01183876,0.35618403,0.035388889,-0.061111111,523.1717957,7.470475059,0.292024154,88.98375,0.26211,96.24687084,0.674342696,80.03548724,0.520887093
KONZ_003,2020,2021,KONZ,D06,39.088076,-96.570347,grasslandHerbaceous,Herbaceous,1,6.5166666,0.625,0.784416264,,0,0,0,0.165555556,0,,,-0.035555556,-0.072777778,-0.933333333,-2.08888889,-0.43555555,-0.096666666,0,,,-1.574444445,-1.831111108,,-1.878888889,-3.84555556,-5.71888889,-1.495555556,0,-0.856666667,-0.096111111,-1.291111111,,-0.004444445,-0.139444444,,,-0.09,-1.339444444,-3.33111111,,,,-1.01111111,,-1.256111111,,-2.955,,,-0.436111111,-0.135,-0.152777778,0.264444445,-0.801111111,,0.067222222,0,-0.041666667,0,-0.048333333,0,-0.062222222,0,-0.103888889,-18.8388889,-0.249005388,-0.14700922,0.079821108,1.90247168,-0.20656109,0.052777778,-0.213888889,,,,,,,,,
KONZ_005,2020,2021,KONZ,D06,39.082563,-96.566704,grasslandHerbaceous,Herbaceous,0.5,64.89166664,2.625,0.305794812,,0,0,0,0.105555556,0,,,0.000555556,-0.303333333,-0.241666667,-2.92666666,-2.823333333,-0.270555556,0,,,-1.752222222,-0.839444444,,-1.362222222,-4.41333333,-3.69833333,-1.412777778,0,-0.221666667,-0.296666666,-1.708888889,,0.018888889,-0.307222223,,,-0.135555556,-2.335555556,-3.01277778,,,,-1.89888889,,-1.284444444,,-4.34611111,,,-0.516666667,-0.181666666,-0.011666666,-0.147777778,-0.204444445,,-0.068888889,0,-0.081666667,0,-0.148333333,0,-0.076666667,0,-0.253333333,-24.8,-0.179896266,-0.0186798,0.125299793,2.63490146,1.19021384,0.049444444,-0.058888889,178.4444667,2.146666665,0.115654658,29.99999998,0.124271401,19.64333333,0.165833334,15.23982261,0.158096093
KONZ_043,2020,2021,KONZ,D06,39.102192,-96.56118,grasslandHerbaceous,Herbaceous,-0.5,34.22500003,-0.5,-0.655399966,,0,0,0,-0.053333333,0,,,-0.032222222,-0.796111111,-1.418888889,-8.755,-6.341666663,-0.571111111,0,,,-4.139444445,-7.849444444,1.31,-5.707222223,-13.43777778,-11.89111111,-3.296666667,0,-3.129444444,-0.732222223,-3.671111111,1.495555556,-0.018888889,-0.676666667,3.456666667,2.505555556,-0.011666667,-2.764444445,-9.991666663,,,,-11.63111111,,-3.044444445,1.024444444,-13.13722222,,0,-0.541111111,-0.222222223,-0.167777778,-0.393888889,-0.637222222,,-0.245,0,-0.071666666,0,-0.285,0,-0.123888889,-0.016666667,-0.39,-106.3933333,-0.008517063,-0.01144759,0.04802555,0.12171607,-0.14270751,0.006555555,-0.166666667,-206.1995621,4.512742138,-29.43611606,-67.00625,-0.085651293,45.55574355,-0.272540364,-24.5641766,-0.264199837
KONZ_045,2020,2021,KONZ,D06,39.103827,-96.561811,grasslandHerbaceous,Herbaceous,-2,5.8333333,0,-1.865236652,,0,0,0,0.078888889,0,,,-0.028333333,-0.536666666,-1.46,-7.475555552,-5.243888889,-0.486111111,0,,,-4.265,-5.389444444,0.984444444,-4.255555555,-9.45055556,-9.82111111,-2.924444444,0,-2.367222222,-0.617777778,-3.453333333,1.43,0,-0.645,4.625555556,2.24,0.033333333,-3.195,-8.700000003,,,,-8.016666663,,-2.462777777,0.802222222,-10.06888889,,0,-0.388888889,-0.157222222,0.041666667,-0.095555556,-0.806666667,,-0.096111111,0,-0.02,0,-0.187222222,0,-0.083333333,0,-0.353888889,-82.8177778,0.259442171,0.11453152,0.063279683,-0.09971402,-2.83885552,-0.059666666,0.255555555,,,,,,,,,
ORNL_001,2020,2021,ORNL,D07,35.930248,-84.270109,deciduousForest,Deciduous Forest,0.5,2.63333334,0,0.688118314,,0,0,0.023333334,0.116666667,0,,,0.028333333,0.08,0.028333333,0.646666666,0.146666666,0.12,0,,,-0.048333334,1.623333334,0.826666667,0.613333333,2.996666667,-0.001666667,-0.088333333,-0.043333333,0.676666667,0.22,-0.066666667,1.566666667,0.006666667,-0.063333334,0.663333333,1.053333333,0.041666667,1.636666667,2.125,,,,3.215,,-0.331666666,1.455,1.13833333,,0,-0.055,-0.013333333,-0.07,0.238333334,0.035,,-0.13,0.025,0,0,-0.195,0,0.036666666,0,-0.243333333,20.06333333,0.268190793,0.05045045,-0.024680365,-0.920630631,-0.14603865,-0.167888889,0.181666666,215.0000002,4.450000004,0.538630293,6.024291475,1.42,27.64999998,0.079413344,2.740196879,0.13
ORNL_002,2020,2021,ORNL,D07,35.982199,-84.212753,deciduousForest,Deciduous Forest,1,5.375,0,3.576751118,,0,0,-0.341666667,-0.145,0,,,-0.088333333,-1.49,-0.523333333,-10.40666667,-3.095,-1.32,0,,,-3.416666666,-5.395,,-2.495,-19.09,-5.395,-1.368333333,0,-3.606666667,-1.271666667,-1.011666666,,-0.086666667,-0.576666667,,,-0.298333333,-10.44833333,-14.29,,,,-9.24833333,,-1.413333334,,-18.01333334,,,-1.276666666,-0.331666667,-0.488333334,0.123333333,-0.456666667,,-0.95,-0.265,0,-0.125,-1.436666667,0,-0.351666667,0,-1.461666667,-118.5583334,0.00670391,-0.0129617,-0.032681565,-0.642058167,0.60002645,-0.331944445,0.415,442.9999999,26.05000001,228.6350397,50.9684855,0.45200085,47.70000002,0.302646556,232.5451851,0.23
ORNL_003,2020,2021,ORNL,D07,35.965875,-84.230646,deciduousForest,Deciduous Forest,-1.4,-28.95,0,-0.632338548,,0,0,-0.095,-0.076666667,0,,,-0.05,-0.445,-0.215,-4.098333333,-1.845,-0.3,0,,,-1.945,-0.601666667,1.185,-0.441666666,-6.015,-3.783333333,-0.968333333,0,-1.135,-0.145,-0.551666667,1.536666667,-0.056666667,-0.306666667,0.683333333,1.523333333,0,0.175,-3.18,,,,-1.06166667,,-0.583333333,1.4,-10.49666667,,0,-0.228333333,-0.151666666,-0.18,0.265,-0.211666667,,-0.456666667,-0.128333333,0,-0.05,-0.438333334,-0.018333333,-0.058333333,0,-0.411666667,-33.95333337,-0.296192948,0.46716608,0.010024876,-0.011667956,0.33118341,-0.235888889,-0.058333333,-602.0000006,-12.46000001,-1.50816482,-16.86801613,-3.976,-77.41999994,-0.222357362,-7.672551261,-0.364
ORNL_006,2020,2021,ORNL,D07,35.938227,-84.32368,deciduousForest,Deciduous Forest,-3.25,-19.14166667,0,-3.022342334,,0,0,0,0.028333333,0,,,0,-0.171666666,-0.288333334,-1.418333333,-1.028333333,-0.08,0,,,-0.646666667,-0.095,0.636666667,-0.241666666,-2.44666667,-1.46,-0.513333333,0,-0.375,-0.126666667,-0.44,0.958333333,0,-0.115,0.508333333,0.918333333,0.105,0.106666666,-0.435,,,,-1.501666666,,-0.675,0.776666667,-2.370000003,,0,0.006666666,-0.048333333,-0.07,0.391666666,-0.163333333,,-0.21,0,0,0,-0.191666667,0,-0.048333333,0,-0.185,-10.90833334,0.718700265,-0.90685714,-0.093527852,-0.683671429,0.23888889,-0.0105,-0.173333333,-1353.750101,-28.01493751,9.131000334,-23.15885809,-10.24190859,-160.7440534,-0.564012303,-19.62561039,-0.927771584
ORNL_027,2020,2021,ORNL,D07,35.916313,-84.263286,evergreenForest,Evergreen Forest,2.25,-24.15833334,0,4.723475508,,0,0,0,0,0,,,0,-0.1,0.005,-0.895,-0.558333333,-0.065,0,,,-0.543333334,0.665,0.685,0.283333333,-1.955,0.105,-0.316666666,0,-0.178333333,-0.065,-0.271666666,0.8,0,-0.08,0.73,0.796666667,-0.028333333,0.428333333,-0.001666667,,,,0.856666667,,-0.26,0.59,-2.38,,0,-0.048333333,-0.021666666,-0.07,0.278333333,-0.023333333,,-0.283333333,0,0,0,-0.223333334,0,0,0,-0.166666667,-2.315,-0.02223114,0.107859,0.028602296,0.546243364,-0.11111111,-0.021888889,-0.015,169.5557922,29.63408777,-6.306004834,279.6969925,-1.246926539,-452.0801406,6.419082727,3115.303325,3.187209742
ORNL_046,2020,2021,ORNL,D07,35.964418,-84.285882,deciduousForest,Deciduous Forest,-1,2.625,0,-3.614920269,,0,0,-0.043333333,0,0,,,0,-0.385,-0.145,-2.958333333,-1.155,-0.348333333,0,,,-1.186666667,-0.258333333,0.54,-0.221666667,-6.59833333,-1.595,-0.591666667,0,-0.913333334,-0.321666667,-0.525,1.048333333,-0.051666667,-0.206666667,0.343333333,0.585,0,-0.345,-1.195,,,,-0.558333333,,-1.023333333,0.701666667,-5.100000003,,0,-0.066666666,0.138333334,-0.28,0.336666667,-0.098333333,,-0.446666667,-0.023333333,0,0,-0.446666667,0,-0.135,0,-0.668333333,-24.18,-0.341302225,-0.03823115,0.068634835,1.074086273,-2.60625,0.019277777,-0.115,,,,-40,,,,,
ORNL_049,2020,2021,ORNL,D07,35.964792,-84.278894,deciduousForest,Deciduous Forest,0.458333333,-0.81666667,0,0.871565338,,0,0,-0.065,-0.088333333,0,,,-0.036666667,-0.461666667,-0.343333333,-2.886666667,-1.705,-0.326666667,0,,,-1.153333333,-1.743333333,0.665,-0.905,-6.891666667,-1.978333334,-0.825,0,-1.365,-0.475,-0.758333333,1.085,-0.021666667,-0.24,0.551666667,1.053333333,0.061666667,-1.915,-3.068333333,,,,-5.654999997,,-0.896666667,0.913333333,-5.4,,0,-0.426666667,-0.216666667,-0.336666667,0.13,-0.126666667,,-0.52,0,0,0,-0.443333333,-0.02,-0.103333333,0,-0.46,-37.42333333,-0.107281553,0.24342948,-0.067961165,-0.649181749,0.24705882,-0.113277778,-0.243333333,197.0833334,4.079166667,0.493744435,5.522267181,1.301666666,25.3458333,0.072795565,2.511847137,0.119166667
ORNL_053,2020,2021,ORNL,D07,35.965252,-84.286859,deciduousForest,Deciduous Forest,0.5,-13.66666667,0,1.020408163,,0,0,-0.051666667,0,0,,,0,-0.296666667,-0.198333333,-2.33,-0.941666667,-0.325,0,,,-1.09,-0.556666667,,-0.415,-4.985,-1.455,-0.555,0,-0.72,-0.258333334,-0.468333334,,0,-0.216666666,,,0,-1.126666667,-1.468333334,,,,-1.336666667,,-0.805,,-3.225,,,-0.155,-0.031666667,-0.195,0.173333334,0,,-0.256666666,0,0,0,-0.248333333,0,-0.028333333,0,-0.326666666,-21.07833334,0.459345067,0.09312337,-0.02500778,-0.384469564,-0.38368984,0.0305,-0.15,215.0000002,4.450000004,0.538630293,6.024291475,1.42,27.64999998,0.079413344,2.740196879,0.13
PUUM_031,2019,2020,PUUM,D20,19.553624,-155.319191,evergreenForest,Evergreen Forest,44.25,56.54166666,0,1.26010094,,0,0,-0.142,-0.352,0,,,-0.424,-1.81,-0.716,-11.662,-5.284,-1.44,0,,,-3.628,-10.098,0,-6.71,-24.744,-14.86,-2.916,0,-3.494,-2.262,-1.852,0,-0.166,-0.662,0,0,-0.578,-10.384,-19.44,,,,-17.064,,-2.192,0,-12.998,,0,-7.142,-3.946,-0.74,-3.528,0.71,,-0.304,-0.026,-0.114,0,-0.098,-0.142,-0.392,0,-0.506,-172.18,0.6275,0.01125,0.002875,0.0635,0.24625,0.03925,-0.215,22150.60359,1360.309256,82330.26861,6347.957984,7.858245415,8631.444214,3.935417646,2044.681874,8.143203644
SCBI_003,2020,2021,SCBI,D02,38.883308,-78.120371,deciduousForest,Deciduous Forest,14.75,41.60833337,0,5.041561612,,0,0,0,0.098333333,0,,,0.015,-0.081666667,0.366666667,-1.975,-0.401666667,0.016666666,0,,,-0.35,0.61833334,2.703333333,0.426666667,-2.245,-0.36666666,-0.443333333,0,-0.238333333,-0.123333333,-0.066666667,1.753333333,0.056666666,-0.011666666,2.078333333,3.151666667,0,0.341666667,-0.47666667,,,,0.45666666,,-0.071666666,1.903333333,-2.355,,0,-0.58,-0.111666667,-0.155,0.573333334,-0.273333333,,-0.266666667,0.026666667,0.021666666,-0.033333333,-0.015,0.023333333,-0.008333333,0,-0.201666666,3.79,0.142679127,-0.19131607,0.048963716,1.58580097,-0.18452381,0.115055555,0.015,5924.478083,237.7633986,117.5584324,646.0498927,2.275637139,5749.969237,4.984503458,479.8074484,8.469770152
SCBI_004,2020,2021,SCBI,D02,38.896938,-78.146458,deciduousForest,Deciduous Forest,33.525,23.9,-1.175,0.642425582,,0,0,0,0.066666667,0,,,0,-0.411666666,-1.291666667,-3.826666667,-2.835,-0.206666666,0,,,-1.293333333,-2.18,1.646666667,-1.83,-6.03,-6.10166666,-1.156666667,0,-1.113333333,-0.176666666,-1.106666667,1.23,-0.026666667,-0.101666667,1.35,1.716666667,0,0.191666667,-2.213333333,,,,-5.88833333,,-0.943333334,1.196666667,-2.34,,0,-0.53,-0.17,-0.21,0.665,-0.693333334,,-0.381666667,0.048333333,0,-0.021666667,0.035,0.021666667,0,0,0.125,-34.7816667,0.317020202,0.06507246,-0.014535353,-0.41887198,-0.06388889,0.045222223,-0.556666666,10494.59645,549.7227824,918.6966593,3533.98705,0.95323252,-190.6522704,27.94520384,898.4490298,65.47150723
SCBI_005,2020,2021,SCBI,D02,38.900538,-78.16186,deciduousForest,Deciduous Forest,14.4,-4.333333333,0,7.64416064,,0,0,0,0.035,0,,,0,-0.29,-1.115,-2.461666667,-1.733333333,-0.16,0,,,-0.74,-1.056666667,1.116666667,-0.808333333,-2.74833333,-3.039999997,-0.555,0,-0.65,-0.146666667,-0.491666666,0.888333333,0,-0.13,1.108333333,1.175,0.046666667,0.125,-1.588333333,,,,-3.003333333,,-0.856666667,0.638333333,-2.866666663,,0,0.278333333,-0.028333333,-0.035,0.446666667,-0.215,,-0.263333333,0,0,-0.05,0.018333334,0.025,0,0,-0.018333333,-19.17333333,-0.078357487,-0.12156566,-0.00789855,-0.435845958,0.40138889,0.056333333,-0.507777777,6508.543721,216.9582871,227.0680626,810.3994197,7.717930565,1723.015915,3.79153765,1761.85698,3.499446579
SCBI_006,2020,2021,SCBI,D02,38.897609,-78.152007,pastureHay,Herbaceous,3.00833334,-0.73333333,0,2.193981859,,0,0,0,0,0,,,0,-0.108333334,-0.155,-1.648333333,-1.39,-0.08,0,,,-0.826666667,-0.221666667,0.926666667,-0.328333333,-2.07166667,-1.733333333,-0.563333333,0,-0.145,-0.123333333,-0.633333333,0.85,0,-0.086666666,1.321666667,1.205,0,-0.701666667,-1.39,,,,-1.5,,-0.525,0.48,-3.644999997,,0,-0.141666666,-0.13,-0.13,0.395,-0.208333334,,-0.288333333,0,0,0,-0.048333333,0.05,0,0,-0.03,-13.63333333,0.09789855,-0.45126262,-0.013321256,0.12274495,-0.00277778,0.038944445,-0.05,1754.116766,194.6506036,2306.401976,97.85813229,9.635396445,1484.161466,-0.485595554,774.5976058,-0.212967621
SCBI_008,2020,2021,SCBI,D02,38.887763,-78.147164,deciduousForest,Deciduous Forest,4.16666666,21.225,0.5,-6.018431341,,0,0,0,0.091666667,0,,,0.023333333,-0.053333333,-0.888333333,-0.54,-0.378333333,-0.025,0,,,-0.295,1.005,1.841666667,0.685,-1.01166667,-0.34833333,-0.13,0,0.146666667,-0.011666667,-0.13,1.341666667,0.035,-0.016666667,1.451666667,2.283333333,0,-0.295,0.68,,,,2.15,,-0.308333333,1.118333333,-0.45666667,,0,0.171666666,0.151666666,-0.08,0.84,-0.175,,-0.251666666,0,0,0,0.038333333,0,-0.003333333,0,0.095,8.755,0.164285715,0.07460317,-0.007301588,-0.44944445,-0.5984127,0.082888889,-0.021111111,2140.540854,68.99043624,59.57744502,-182.4220538,1.62227813,1853.045469,-0.512338613,616.0621517,-7.569738217
SCBI_010,2020,2021,SCBI,D02,38.884776,-78.125148,deciduousForest,Deciduous Forest,11.5,17.24166667,-0.5,-0.894118157,,0,0,0,0.13,0,,,0.025,-0.423333333,-1.498333333,-4.38833333,-2.865,-0.195,0,,,-1.435,-2.06333333,1.945,-1.525,-5.13166666,-6.155,-1.161666666,0,-1.208333333,-0.243333333,-1.036666666,1.048333333,-0.02,-0.198333333,1.516666667,1.91,-0.01,0.083333333,-2.431666667,,,,-3.89333333,,-1.295,1.383333333,-4.81833333,,0,-0.145,-0.101666667,-0.033333333,0.375,-0.481666667,,-0.395,0,-0.025,0,-0.001666666,0.023333333,-0.013333334,0,0.005,-34.755,-0.141666666,-0.225,-0.0775,-3.23916667,-0.35833334,0.045111111,-0.286666666,4495.823832,193.6165684,59.25627622,473.045276,0.927968115,4874.077571,4.041892571,382.2379281,6.743629462
SCBI_045,2020,2021,SCBI,D02,38.890566,-78.139432,deciduousForest,Deciduous Forest,-23.125,-0.16666666,0,-14.09483934,,0,0,0,0,0,,,0,-0.298333334,-0.436666666,-2.268333333,-1.513333334,-0.111666667,0,,,-0.828333333,-1.041666666,1.066666667,-0.935,-3.12833333,-2.481666667,-0.636666667,0,-0.755,-0.168333333,-0.518333333,0.735,0,-0.108333333,0.978333333,1.111666667,0.051666667,-0.968333333,-1.638333333,,,,-1.88,,-0.651666667,0.596666667,-2.223333333,,0,-0.161666666,-0.186666666,-0.126666667,0.381666666,-0.158333333,,-0.253333333,-0.021666667,0,0,-0.046666667,0,-0.033333333,0,-0.06,-18.725,-0.425,-0.1,0.045277777,0.86833333,0.53888889,0.072611111,-0.441111111,-11445.46739,-229.3893004,-292.2052367,-919.568252,-17.69823544,-3226.227744,-2.29319721,92.35311686,-3.409236781
SCBI_047,2020,2021,SCBI,D02,38.894257,-78.137217,deciduousForest,Deciduous Forest,-11.475,-7.56666666,0,-7.880568649,,0,0,0,0.081666667,0,,,0.026666667,0.01,-0.321666667,-0.76,-0.265,0.038333333,0,,,-0.226666667,1.781666666,1.82,1.27,-0.06166667,-0.34666667,-0.195,0,0.056666667,0.018333334,-0.175,1.365,0.035,0.055,1.581666667,2.2,0,1.015,1.963333333,,,,6.27833333,,-0.013333333,1.35,-0.455,,0.031666667,0.28,0.261666666,-0.006666667,0.615,-0.051666666,,-0.378333333,0.026666667,0,0,0.093333333,0,-0.016666666,0,0.111666667,19.0866667,-0.161805556,-0.08472222,-0.0125,-0.85340278,0.04166667,0.076333333,-0.473333333,-6117.777582,-116.6863516,-307.6488646,-455.7733789,-10.01766984,-1145.216066,-0.074785429,75.7495608,0.262851194
SCBI_067,2020,2021,SCBI,D02,38.893949,-78.135536,deciduousForest,Deciduous Forest,7.999999997,-0.425,0,12.61528806,,0,0,0,0.16,0,,,0.02,-0.185,-1.09,-1.75666667,-1.475,-0.073333333,0,,,-0.666666667,2.291666663,2.408333333,1.298333334,-2.73166667,-0.33166666,-0.538333333,0,-0.385,-0.093333334,-0.476666667,1.391666667,0.071666667,-0.061666666,2.25,2.495,0.085,1.178333334,2.59333333,,,,4.21166667,,-0.72,1.59,-3.62,,0,0.685,0.291666667,-0.251666667,0.623333333,-0.343333333,,-0.64,0,0,-0.033333333,0.01,0.051666667,-0.01,0,0.056666666,8.2683333,0.171296296,0.0537037,-0.012314815,-0.23787037,-0.22870371,0.090555555,-0.002222222,3397.07642,128.3302258,18.75862687,151.5709732,1.310193073,4345.677102,1.498039739,32.62020668,1.405507236
SJER_001,2018,2019,SJER,D17,37.106602,-119.72024,grasslandHerbaceous,Herbaceous,66.45595238,17.79166667,0,-10.98880774,,0,0,0.045,-0.975,-0.166666667,,,-0.603333333,-0.343333333,0.361666667,2.691666667,1.336666667,-0.056666667,0,,,0.891666666,2.911666667,0,1.46,6.123333333,2.333333333,0.795,-0.163333333,1.341666666,0.208333334,0.845,0,0,0.328333333,0,0,-0.068333333,0.666666667,3.345,,,,2.513333333,,0.733333333,0,2.741666667,,-1.31,-0.036666667,-0.086666666,0,0.043333333,0.065,,-0.323333333,0.038333333,0,0,-0.468333333,0,-0.341666666,-0.186666667,-0.165,25.78333333,0.861111112,0.17962963,-0.173333334,-5.29314815,-0.92592593,0.04625,0.258888889,25786.80026,687.5707256,975.1752156,4036.90677,11.24423115,17779.58472,23.9348027,1296.408942,14.41075405
SJER_002,2019,2020,SJER,D17,37.082813,-119.743324,grasslandHerbaceous,Herbaceous,26.63333333,4.7,0,2.831888167,,0,0,0,-0.155,0,,,0,0.005,0.051666667,0.881666667,0.316666666,0.086666667,0,,,0.341666666,-0.745,0.088333333,-0.561666667,0.4,0.165,0.145,0,0.553333333,0.098333333,0.168333333,0.32,0,0.116666667,0.176666667,0.08,-0.006666666,-0.2,-1.071666667,,,,-0.996666666,,0.118333333,0.025,1.071666666,,0,-0.075,-0.028333333,0,0.206666667,0,,0.033333333,0,0,0,-0.05,0,-0.041666667,0,-0.085,1.43333333,0.294444445,0.15138889,0.016527777,-2.52041667,-2.34166666,-0.0327,0.141666667,9666.142876,203.1663235,292.6437086,1291.51137,5.312025531,1588.823881,13.5502694,421.2146105,8.628634464
SJER_003,2018,2019,SJER,D17,37.116632,-119.730379,evergreenForest,Evergreen Forest,-23.39166667,-2.58333333,0,-24.6712278,,0,0,0,-1.106666667,-0.3,,,0,-0.516666666,0.105,1.128333333,0.525,-0.251666667,0,,,0.228333333,1.655,0,1.065,3.69,1.701666666,0.591666667,-0.3,0.135,-0.223333333,0.653333333,0,0,0.125,0,0,0.05,-0.035,2.855,,,,0.633333333,,0.548333333,0,1.551666667,,-1.253333333,-0.283333333,-0.22,0,0,-0.23,,-0.36,0,0,0,-0.576666667,0,-0.236666667,-0.306666667,-0.381666667,7.89,0.770370371,0.12592592,-0.208148148,-5.31574074,-0.43333334,0.087883334,-0.196666666,-8380.83208,-239.5955385,-273.3717292,-1736.523263,-4.509282278,-2073.406357,-10.13176208,-385.730117,-8.344871505
SJER_004,2020,2021,SJER,D17,37.108972,-119.746305,grasslandHerbaceous,Herbaceous,28.69166667,13.95833333,0,8.518815336,,0,0,0,0.07,0,,,0,-0.113333333,-0.103333334,-0.7,-0.535,-0.155,0,,,-0.175,-0.928333333,0.16,-0.175,-0.263333333,-0.546666667,-0.131666666,0,-0.618333334,-0.066666667,-0.185,-0.045,0,-0.026666667,0.191666667,0.095,0,0.851666666,0.931666667,,,,-0.63,,-0.171666667,-0.048333334,-0.326666667,,0,-0.216666667,-0.038333333,-0.058333334,-0.235,0.035,,-0.011666666,0,0,0,0.16,0,0.053333333,0,0.123333333,-3.83666667,-0.314583334,-0.05833333,0.048854166,1.690625,0.74583334,0.017055556,0.080555556,11271.88182,229.2510765,445.210226,1441.798404,6.203498847,7311.070125,10.36308776,294.791866,5.225333102
SJER_005,2018,2019,SJER,D17,37.1235,-119.748517,grasslandHerbaceous,Herbaceous,80.9333333,-1,0,9.570666079,,0,0,0,-0.79,0,,,0,-0.53,0.248333333,1.105,0.443333333,-0.263333334,0,,,0.206666667,2.485,0,1.491666667,3.06,2.031666666,0.626666667,-0.3,0.216666667,-0.763333334,0.765,0,0,0.186666667,0,0,0.145,-0.48,3.476666667,,,,0.563333334,,0.631666667,0,1.651666667,,-1.746666667,-0.185,-0.168333334,0.031666667,0,-0.211666667,,-0.438333334,0,0,-0.15,-0.706666667,0,-0.223333333,-0.33,-0.51,7.44,0.266666667,0.09074075,-0.133333334,-4.89740741,-2.77777778,0.05455,-0.038888889,32728.38089,657.9544253,753.7756182,3433.413608,19.9279777,21645.75458,18.32902519,53.8587789,8.474000633
SJER_045,2018,2019,SJER,D17,37.112827,-119.731615,evergreenForest,Evergreen Forest,6.78690476,14.08452381,0,-10.62487017,,0,0,0,-0.705,-0.323333333,,,0,-0.27,0.378333333,2.551666666,1.455,0.073333333,0,,,0.94,3.811666667,0,2.053333333,5.923333333,2.688333334,0.808333333,-0.14,1.11,-0.37,1.026666667,0,0,0.273333333,0,0,0.24,0.795,4.32,,,,3.87,,0.848333333,0,1.691666667,,-1.173333333,-0.063333334,0.06,0.063333333,0,0.128333333,,-0.268333333,0.028333333,-0.353333333,0.021666667,-0.465,0,0.143333333,-0.326666667,-0.253333333,27.40166666,-0.775925926,-0.23703704,0.184074074,4.30759259,-0.88888888,0.0618,-0.016666667,3901.311985,-66.08703602,387.0405753,420.8338367,0.183059394,9220.771283,-2.448922747,-247.9241294,-0.657133884
SJER_046,2018,2019,SJER,D17,37.111276,-119.728168,evergreenForest,Evergreen Forest,12.73630952,14.20833333,0,-11.80962773,,0,0,0,-1.065,-0.48,,,0,-0.431666667,0.271666667,1.846666667,0.92,-0.265,0,,,0.701666667,2.88,0,1.608333333,4.346666667,2.401666667,0.758333333,-0.225,0.553333333,-0.533333333,0.948333333,0,0,0.223333333,0,0,0.191666667,0.311666667,3.471666667,,,,2.098333333,,0.773333333,0,1.798333333,,-1.415,-0.125,0.1,0.108333333,0,0.071666667,,-0.375,0,0,0,-0.526666667,0,-0.126666667,0,-0.328333333,19.12,0.440740741,-0.05,-0.251851852,-8.150555557,-4.55555555,0.064466666,-0.036666666,4957.934078,78.09411157,246.4563747,714.8114177,3.005665889,3083.493953,5.036818508,-42.76105744,1.503793511
SJER_047,2020,2021,SJER,D17,37.101658,-119.734564,evergreenForest,Evergreen Forest,20.83333333,-38.66666667,0,39.79647086,,0,0,0,0.03,0,,,0,-0.008333334,-0.053333333,-0.671666667,-0.066666667,-0.05,0,,,-0.331666667,-0.24,-0.018333334,0.043333333,-0.428333334,-0.32,-0.133333334,0,-0.46,-0.026666667,-0.07,-0.005,0,-0.03,-0.07,0.03,0,-0.145,-0.038333334,,,,-0.513333333,,-0.02,0.001666667,-1.448333333,,0,-0.11,-0.05,-0.028333333,-0.081666667,-0.046666667,,0.053333334,0,0,0,0.036666666,0,0.001666667,0,-0.116666666,-5.39,-0.147916667,-0.03020833,0.045729166,1.556041667,0.16458334,-0.009666666,0.100555556,8304.535998,134.1331671,105.4229729,503.5611245,3.606948166,6682.841768,6.876371285,303.7180299,4.131448057
SRER_001,2020,2021,SRER,D14,31.862142,-110.818853,shrubScrub,Shrubland,1.069444444,17.09166667,0,-0.11757695,,0,0,0,0.088888889,0,,,0,-0.058888889,-0.068888889,-0.577777778,-0.336666667,-0.038888889,0,,,-0.172222222,-1.091111111,0.074444444,-0.84,-1.025555556,-0.413333333,-0.14,0,-0.406666667,-0.118888889,-0.184444444,0.438888889,0,0.04,0.792222222,0.162222222,0,-0.898888889,-2.287777778,,,,-2.106666667,,-0.453333333,0.045555556,-0.387777778,,0,-0.093333333,0,0,0.04,0,,-0.023333333,0,0,0,0.056666667,0,0,0,0.067777778,-9.92,-0.063095238,-0.02936508,0.001944444,0.05361111,0.11388889,0.027277777,-1.522222222,,,,,,,,85.9833333,
SRER_002,2020,2021,SRER,D14,31.870334,-110.856598,shrubScrub,Shrubland,2.25,59.35833333,0,1.427678429,,0,0,0,0.022222222,0,,,0,0.11,0,0.194444445,0.073333333,0.05,0,,,0.077777778,-0.363333333,0,-0.197777778,0.565555555,-0.082222222,0.067777777,0,0.07,-0.012222222,0.035555556,0.205555556,0,-0.011111111,0.402222222,0.032222222,0,-0.16,-0.696666667,,,,-0.55,,-0.038888889,0.01,-0.011111111,,0,0,0,0,0.017777778,0,,0.071111111,0,0,0,0.032222222,0,0,0,0.064444444,-0.03,0.050925926,0.00694445,-0.008657407,-0.09699074,0.0375,0.011833334,0.275555556,,,,,,,,,
SRER_003,2020,2021,SRER,D14,31.840609,-110.917189,shrubScrub,Shrubland,-2.1,-15.44166667,0,-2.222810267,,0,0,0,0.048888889,0,,,0,0.077777778,0,0.06,0.017777777,0.038888889,0,,,0.003333333,-0.318888889,0,-0.187777778,0.423333334,-0.258888889,0.02,0,-0.084444444,0.014444444,-0.008888889,0.226666667,0,-0.061111111,0.318888889,0.012222222,0,-0.132222222,-0.612222222,,,,-0.33,,-0.165555556,0,0.022222222,,0,0,0,0,0,0,,0.034444444,0,0,0,0.015555556,0,0,0,0.014444444,-0.812222222,-0.017063492,-0.01309524,-0.000595239,-0.02103174,-0.01031746,0.011166666,0.401111111,,,,,,,,-168.84,
SRER_004,2020,2021,SRER,D14,31.906778,-110.815262,shrubScrub,Shrubland,3.7,-1.51388889,0,4.16088568,,0,0,0,0.075555556,0,,,0,-0.087777778,-0.066666667,-1.48,-0.503333333,-0.114444444,0,,,-0.825555555,-1.658888889,0.023333333,-1.114444445,-1.686666667,0.993333333,-0.483333333,0,-0.42,-0.152222223,-0.613333333,0.317777778,0,-0.172222222,0.853333333,0.153333333,0,-0.683333333,-2.602222222,,,,-3.17,,-1.211111111,0,-1.027777778,,0,-0.046666667,0,0,0.017777778,-0.116666667,,-0.02,0,0,0,-0.036666666,0,0,0,-0.056666666,-15.91666667,-0.342592593,-0.13009259,-0.000231481,0.10263889,0.38564815,0.028722223,0.455555555,,,,,,,,,
SRER_005,2020,2021,SRER,D14,31.828844,-110.823985,shrubScrub,Shrubland,9.166666667,43.07916667,0,-2.284980963,,0,0,0,0.094444444,0,,,0,0.101111111,0.071111111,0.095555556,0.221111111,0.027777778,0,,,0.202222223,-0.635555555,0.106666667,-0.642222222,0.407777778,-0.328888889,0.027777778,0,-0.036666667,-0.008888889,0.075555556,0.415555556,0,0.03,0.685555556,0.205555556,0,-0.342222222,-1.371111111,,,,-1.347777778,,-0.073333334,0.101111111,0.261111111,,0,-0.003333333,0,0,0.044444444,0,,0.081111111,0,0,0,0.084444445,0,0,0,0.075555556,-1.35777777,-0.195833333,0.04444445,0.035046296,0.69694445,-0.34953703,0.032611111,-0.075555556,,,,,,,,737,
SRER_006,2020,2021,SRER,D14,31.795656,-110.910239,shrubScrub,Shrubland,11.5,81.8333333,0,6.073943663,,0,0,0,0.064444444,0,,,0,-0.048888889,-0.035555556,-1.315555556,-0.314444444,-0.078888889,0,,,-0.72,-0.772222223,,-0.591111111,-1.351111111,-0.961111111,-0.361111111,0,-0.101111111,-0.084444445,-0.371111111,,0,-0.172222223,,,0,-0.365555556,-2.206666667,,,,-0.904444445,,-0.27,,-1.023333333,,,-0.036666667,0,0,0,0,,-0.044444444,0,0,0,0.018888889,0,0,0,-0.021111111,-11.37555556,0.024074074,-0.0162037,0.001990741,0.27365741,0.00092593,0.018166667,0.735555556,4290.110568,184.641505,267.2003326,630.3493753,1.347361091,2347.508716,7.887656777,2536.884917,4.508580992
SRER_043,2020,2021,SRER,D14,31.910099,-110.837175,shrubScrub,Shrubland,-0.5,-23.45833333,0,-0.930232558,,0,0,0,0.081111111,0,,,0,0.115555555,0,0.15,0.078888889,0.081111111,0,,,0.073333333,-0.395555555,0.056666667,-0.141111111,0.647777778,0.94,0.022222223,0,0.034444444,0.036666667,0.025555555,0.302222222,0,-0.04,0.453333333,0.11,0,-0.012222223,-0.528888889,,,,-0.257777777,,-0.066666666,0.013333333,0.12,,0,0,0,0,0.054444444,-0.008888889,,0.098888889,0,0,0,0.09,0,0,0,0.145555556,2.27777778,0.258796296,0.03796296,-0.04212963,-0.92486111,-0.03611112,0.0235,0.171111111,,-2.025,,-3.333333334,,,,,
SRER_047,2020,2021,SRER,D14,31.910358,-110.838435,shrubScrub,Shrubland,-0.5,-4.291666666,0,-5.94059406,,0,0,0,0.074444444,0,,,0,-0.026666667,0,-0.296666667,-0.104444445,-0.034444444,0,,,-0.137777777,-0.966666667,0.012222222,-0.395555556,-0.681111111,0.857777778,-0.108888889,0,-0.161111111,-0.104444444,-0.123333334,0.241111111,0,-0.083333333,0.42,0.074444444,0,-0.248888889,-1.102222223,,,,-1.29,,-0.241111111,0,-0.154444444,,0,0,0,0,0.017777778,0,,0,0,0,0,0.042222222,0,0,0,0.008888889,-4.52555555,0.233730158,-0.01309524,-0.006388889,-0.10579365,0.21984127,0.021388889,0.057777778,,-2.025,,-3.333333334,,,,,
SRER_052,2020,2021,SRER,D14,31.909531,-110.833359,shrubScrub,Shrubland,-1,-34.78095238,0,-1.408781404,,0,0,0,0.002222222,0,,,0,0.108888889,0,0.01,0.006666667,-0.01,0,,,0.032222222,-0.616666667,0.036666667,-0.314444445,-0.566666666,0.97,-0.002222222,0,0.047777778,-0.057777778,-0.01,0.285555556,0,0.02,0.455555556,0.096666667,0,-0.474444444,-1.04,,,,-0.89,,-0.176666667,0,-0.001111111,,0,0,0,0,0.013333333,0,,0.02,0,0,0,0.031111111,0,0,0,0.021111111,-1.99222222,-0.218981481,-0.03425926,0.042175926,1.25018518,0.09305556,0.022,0.152222223,,-4.05,,-3.333333334,,,,,
TALL_003,2020,2021,TALL,D08,32.893534,-87.415333,mixedForest,Deciduous Forest,3.75,33.1833334,-3.75,1.818420169,,0,0,0,0.031666667,0,,,0,-0.088333334,-0.048333333,-0.88,-0.273333333,-0.086666667,0,,,-0.326666667,0.043333333,0.298333333,0.055,-2.056666667,-0.44,-0.318333334,0.1,-0.186666667,-0.103333333,-0.215,0.533333333,0,0.001666667,0.311666667,0.565,0.003333334,0.438333333,0.335,,,,0.436666666,,-0.221666667,0.503333333,-1.628333333,,0,0.035,0.031666667,-0.025,0.041666667,-0.068333333,,-0.021666667,0,0,0,0.046666667,0,0,0,0.016666667,-3.15333333,0.004040404,0.07525253,0.008535353,0.40338383,0.14141414,-0.045166667,-0.223888889,1612.500002,33.37500003,4.039727198,45.18218606,10.65,207.3749999,0.595600076,20.55147659,0.975
UNDE_006,2019,2020,UNDE,D05,46.254613,-89.512657,deciduousForest,Deciduous Forest,8.25,-33.1916667,-3.666666667,6.421391737,,0,0,0,0,0,,,0,0.170555555,0.163333333,1.667777777,1.203333333,0.135,0,,,0.412222222,1.250555555,0,0.756666666,2.84444445,1.813888889,0.372777777,0,0.883888889,0.077222222,0.323888889,0,0,0.017777777,0,0,-0.021666666,1.172777778,1.241666667,,,,4.20555556,,0.207777778,0,2.76944444,,0,0.529444444,0.073888889,0.097777778,0.053333333,-0.037222222,,0.171111111,0,0,0,0.344444445,0,0.057222222,0,0.217222223,23.19277778,0.090486885,0.28020618,-0.011428779,-0.174834466,-0.00092592,0.012833334,-0.275555556,3924.301395,83.05078867,489.9629722,414.1500257,6.903115885,266.6856168,1.942148255,324.0565321,3.916745284
UNDE_008,2019,2020,UNDE,D05,46.256193,-89.515052,mixedForest,Deciduous Forest,-0.5,-7.80833334,0,-0.626058748,,0,0,-0.046666667,0,-0.017777778,,,-0.016666667,-0.12,-0.077777778,-0.445,-0.603333333,-0.032777777,0,,,-0.079444444,-1.481666667,0,-1.049444444,-0.90277778,0.398888889,-0.018888889,-0.034444444,-0.131111111,0.068888889,-0.169444444,0,0,-0.015,0,0,0.000555556,-0.226666667,-2.281111107,,,,-2.02222222,,-0.118888889,0,-0.23611111,,0,0.176666667,-0.184444444,0.010555556,-0.222777778,0.126666667,,0.028888889,0,0,0,0.157777778,-0.023333333,0.009444444,0,0.18,-9.4044444,-0.02102536,-0.08317932,-0.004484219,-0.038113311,-0.05123457,-0.011944444,-0.469444444,-200.0821891,-3.860000005,-0.796666667,-29.00000003,-0.076166667,-50.5066667,-0.174482648,-19.38002401,-0.112735849
UNDE_010,2019,2020,UNDE,D05,46.237778,-89.541857,woodyWetlands,Wetland,29,8.91666667,0,8.47279489,,0,0,-0.042333333,-0.671666667,-0.039,,,-0.060333333,-2.439666667,-1.243666667,-23.34666667,-9.35533333,-1.296,0,,,-3.743333333,-13.452,0,-5.292333333,-19.43066667,-18.92133333,-2.728,0.125,-5.138,-1.309,-2.64,0,-0.016,-1.08,0,0,-0.021,-7.401,-18.88933333,,,,-16.868,,-2.685333333,0,-19.99333333,,0,-1.476,-0.51,-0.488333333,-0.012666667,-1.015333333,,-0.618333333,0.122,0,0,0.166333333,0.098666667,-0.327,0,0.341666667,-181.7043333,0.27826087,-0.47305195,-0.009731984,-0.361103896,-0.36944444,2.07185,-0.365,,,,1914,,,,,
UNDE_038,2019,2020,UNDE,D05,46.232249,-89.534573,woodyWetlands,Wetland,-0.5,8.10833333,0,-0.657750493,,0,0,0.04,0.216538462,0,,,-0.051666667,-2.83474359,-1.399871795,-28.47089744,-11.87730769,-1.826282052,0,,,-6.91730769,-17.64461538,,-5.39807692,-22.52884615,-19.39564102,-2.726282052,1.228461538,-4.245,-1.475,-3.561153846,,-0.030769231,-1.896794871,,,-0.883589744,-14.06576923,-19.73282052,,,,-21.67910256,,-2.084487179,,-15.32679487,,,-1.029487179,-0.521025641,-0.728589744,-0.103974359,-1.736923077,,-0.638333333,-0.050769231,0,0.106666667,1.081153846,-0.221794871,-0.301794871,0,1.818461538,-206.8980769,0.165229885,-0.02155612,-0.001427203,-0.209081632,-1.72069893,4.391625003,-0.366923077,-200.0821891,-7.825828495,-0.796666667,-29.00000003,-0.076166667,-127.0836004,-0.174482648,-19.38002401,-0.112735849
UNDE_043,2020,2021,UNDE,D05,46.234247,-89.542459,deciduousForest,Deciduous Forest,2,-67.6416666,0,1.976853383,,0,0,0,0.168888889,0,,,0,-0.059444445,-0.064444444,-1.465555556,-0.345,-0.020555556,0,,,-0.593888889,-0.882222223,1.252222222,-1.330555556,-2.73666667,-1.167222222,-0.383888889,-0.046666667,-0.802222223,-0.109444445,-0.206666667,1.302222222,0,-0.091111111,0.67,1.483333333,0.101666667,-1.017222222,-2.982777778,,,,-3.64277778,,-0.606111111,1.102222222,-4.347222226,,0,-0.027777778,-0.013888889,0.107222222,0.466111111,-0.252222222,,0.078888889,0,0,0,-0.001666667,0,-0.083888889,0,-0.117222222,-16.65833337,-0.057945188,-0.20813519,0.011042154,-0.116706472,0,0.393777777,0.200555556,800.3287564,15.44,3.186666668,116.0000001,0.304666666,202.0266669,0.697930592,77.52009602,0.450943396
WOOD_001,2020,2021,WOOD,D09,47.128258,-99.257768,grasslandHerbaceous,Herbaceous,-11.8,-4.54166667,-19.66666666,-7.23459219,,0,0,0,0.077777778,0,,,-0.067777778,-0.537777778,-0.63,-5.214444448,-3.843333337,-0.347777778,0,,,-1.685555556,-5.994444441,1.602222222,-4.222222222,-7.11777778,-7.00666666,-1.467777777,0,-2.238888889,-0.46,-0.982222222,1.378888889,0.034444444,-0.29,3.29,1.464444444,-0.134444444,-0.408888889,-4.755555556,,,,-8.084444444,,-0.558888889,1.014444444,-3.922222219,,0,-0.47,-0.128888889,-0.003333333,0.173333333,-0.752222223,,-0.347777778,0.018888889,0.015555556,0.014444444,-0.412222222,0,-0.11,0,-0.598888889,-53.7133333,-0.051465576,-0.14585922,0.013385594,0.358692202,0.32222222,-0.155277778,0.623333333,-4516.57374,-168.5472284,-114.8274085,-708.0866072,-3.649838338,-1213.672509,-4.090113267,-662.3928219,-2.058312632
WOOD_002,2020,2021,WOOD,D09,47.136134,-99.232896,grasslandHerbaceous,Herbaceous,-9.3,6.19166667,-10,-10.85854685,,0,0,0,0.056666667,0,,,0,-0.284444445,-0.44,-2.341111111,-1.975555556,-0.218888889,0,,,-1.024444445,-2.647777777,0.976666667,-3.133333333,-4.574444444,-3.847777774,-0.917777778,0,-0.961111111,-0.21,-0.704444444,0.912222222,0,-0.146666667,2.755555556,1.098888889,0.014444444,0.027777778,-2.761111111,,,,-3.648888889,,-0.616666667,0.605555556,-1.931111111,,0,-0.245555556,-0.186666667,-0.106666667,0.162222222,-0.441111111,,-0.147777777,0,0,0,-0.214444444,0,0,0,-0.377777778,-27.50222222,0.008202681,-0.09625028,0.029146785,1.229666437,1.66388888,-0.050222222,-0.045555555,-3266.400248,-137.3006136,-15.17822166,-475.7351405,-2.226121795,-1530.932604,-2.26387227,40.23418734,-0.891432792
WOOD_003,2020,2021,WOOD,D09,47.118581,-99.239944,grasslandHerbaceous,Herbaceous,-2.425,-4.85,-27.58333333,5.344846501,,0,0,0,0.038888889,0,,,0,-0.238888889,-0.238888889,-2.443333334,-1.996666667,-0.155555556,0,,,-0.916666667,-2.915555555,0.732222222,-2.626666667,-4.037777774,-3.216666666,-0.737777777,0,-0.904444445,-0.196666666,-0.628888889,0.585555556,0,-0.153333333,1.964444444,0.854444444,-0.056666667,-1.79,-2.676666667,,,,-5.067777778,,-0.567777777,0.76,-2.744444444,,0,-0.482222222,-0.202222222,-0.228888889,0.097777778,-0.366666667,,-0.04,0,0,0,-0.131111111,0,0,0,-0.244444444,-30.99,0.007342201,-0.07319889,0.000535342,0.036190385,0,0.005944444,0.066666667,-752.343964,-9.690602401,31.60092491,-81.20071422,-0.73004931,-303.3876832,-0.48579733,72.26097062,-0.225391926
WOOD_004,2020,2021,WOOD,D09,47.12584,-99.253801,grasslandHerbaceous,Herbaceous,-11.85,-0.91666667,-20.16666667,-13.11964839,,0,0,0,0,0,,,0,-0.246666667,-0.254444444,-1.384444445,-1.134444444,-0.128888889,0,,,-0.562222222,-2.074444444,1.146666667,-2.031111111,-3.60333333,-1.985555556,-0.485555556,0,-0.681111111,-0.166666667,-0.364444444,0.86,0,-0.093333333,2.14,1.055555556,-0.025555555,-0.442222223,-2.257777777,,,,-4.086666667,,-0.297777778,0.674444444,-2.106666667,,0,-0.411111111,-0.222222222,-0.045555556,-0.136666667,-0.39,,-0.18,0,0,0,-0.308888889,0,0,0,-0.466666667,-20.69555556,-0.616615566,-0.05751663,-0.025311321,-1.145125277,-0.61666667,-0.026555556,0.008888889,-4378.504834,-195.5095926,-15.72008623,-635.4874999,-3.419892378,-970.5863694,-4.090793043,-223.4506261,-3.114936442
WOOD_005,2020,2021,WOOD,D09,47.149339,-99.251928,grasslandHerbaceous,Herbaceous,-2.83333333,-7.66666667,-11,3.901886797,,0,0,0,0.017777778,0,,,0,-0.074444444,-0.138888889,-1.05,-0.884444445,-0.01,0,,,-0.257777778,-0.916666667,0.746666667,-1.321111111,-0.482222222,-0.862222223,-0.157777778,0,-0.253333334,-0.038888889,-0.026666667,0.738888889,0,-0.065555556,2.052222222,1.055555556,0.018888889,0.352222222,-1.005555556,,,,-1.481111111,,-0.094444444,0.49,-0.434444444,,0,-0.08,-0.121111111,-0.058888889,0.121111111,-0.06,,-0.002222223,0,0,0,-0.137777777,0,0,0,-0.273333334,-4.7,0.575193517,0.35833333,-0.533932027,-7.06035065,7,0.004722222,0.456666667,-1008.489521,-12.44400048,16.24383593,-75.63414815,-0.95380773,-271.8329082,-0.382432546,120.6988732,-0.333399723
WOOD_024,2020,2021,WOOD,D09,47.151171,-99.262648,emergentHerbaceousWetlands,Wetland,-24.9,-3.75,29.25,-14.12329642,,0,0,-0.071666667,-0.088333333,0.143333333,,,-0.109166667,0.528333333,0.025,0.38416667,1.68,0.214166666,0,,,-0.59,0.47583333,4.79,-1.82416667,-0.17416667,-4.375,-0.694166667,0,1.075833333,-0.120833333,-0.3975,2.138333333,0.080833333,-0.281666666,2.375833333,1.306666667,0.0125,-0.503333334,-3.59166667,,,,-11.7675,,-0.671666667,2.459166667,-8.34916666,,0,-0.351666666,-0.2125,-0.415833333,0.0775,-0.471666667,,0.308333333,-0.109166667,0.0125,-0.08,0.481666667,0.115833333,0.163333333,-0.073333333,0.576666667,-15.8983333,0.278947368,0.08625,-0.001842106,-0.072208334,-0.0423077,0.538060606,-0.266666667,-9390.726058,-389.8748138,-136.9884809,-1790,-7.088190992,-1787.454699,-8.423352303,-1149.901632,-6.726401315
WOOD_042,2020,2021,WOOD,D09,47.129092,-99.245921,grasslandHerbaceous,Herbaceous,23.275,34.24166667,-6.06666667,20.75212422,,0,0,0,0.042222222,0,,,0,-0.292222223,-0.275555556,-1.951111111,-1.8,-0.182222223,0,,,-1.068888889,-2.591111111,0.86,-2.168888889,-2.965555552,-2.221111111,-0.728888889,0,-0.481111111,-0.185555556,-0.67,0.721111111,0,-0.101111111,2.357777778,0.594444444,-0.006666667,-0.526666667,-2.747777778,,,,-5.27666667,,-0.758888889,0.683333333,-1.65777778,,0,-0.105555555,-0.117777777,-0.023333334,0.143333334,-0.607777778,,-0.221111111,0,0,0,-0.368888889,0,-0.093333333,0,-0.544444444,-25.3366667,0.775712758,-0.10573355,-0.002685318,-0.20771134,-1.74682539,-0.070611111,-0.283333333,9459.760434,283.4904,303.9443548,1823.128901,5.396884648,2204.70618,9.719253399,1854.480009,6.786101862
WOOD_043,2020,2021,WOOD,D09,47.131002,-99.242763,grasslandHerbaceous,Herbaceous,-0.933333334,-9,-20.33333333,3.358627235,,0,0,0,0,0,,,0,-0.095555556,-0.144444444,-0.887777778,-0.444444445,-0.098888889,0,,,-0.381111111,-1.671111111,0.828888889,-2.16,-2.136666667,-2.413333334,-0.408888889,0,-0.362222223,-0.14,-0.283333334,0.667777778,0,0.018888889,2.473333333,0.873333333,0,-0.292222222,-1.362222223,,,,-2.326666667,,-0.098888889,0.707777778,-0.674444444,,0,-0.38,-0.43,-0.001111111,-0.188888889,-0.221111111,,-0.041111111,0,0,0,-0.117777778,0,0,0,-0.201111111,-12.41,-0.200133043,0.0720671,0.003694969,-0.074449134,-0.80277777,-0.038555555,-0.252222222,-283.3726515,15.55047771,17.9004213,22.81587305,-0.233760822,-78.87670815,-0.1274813,107.6076521,-0.079948269
WOOD_044,2020,2021,WOOD,D09,47.12829,-99.243528,grasslandHerbaceous,Herbaceous,0.125,-6.34166667,-6.16666667,1.534785976,,0,0,0,0.041111111,0,,,0,-0.18,-0.21,-1.494444445,-0.992222222,-0.136666667,0,,,-0.625555556,-2.902222223,0.674444444,-2.368888889,-3.364444444,-2.043333333,-0.413333333,0,-0.528888889,-0.163333333,-0.412222222,0.525555556,0,-0.133333333,1.73,0.598888889,0,-1.106666667,-2.677777778,,,,-4.913333333,,-0.35,0.586666667,-1.474444444,,0,-0.43,-0.286666667,-0.222222223,0.147777778,-0.74,,-0.063333333,0,0,0,-0.136666667,0,-0.073333333,0,-0.244444445,-24.38111111,-0.879263566,0.46223347,0.209752534,3.039581556,-0.03244681,-0.041444444,0.177777777,280.8013034,62.63873216,52.45090182,162.6678574,0.489768753,126.1965022,0.123714845,310.8070788,-0.023358248
YELL_002,2020,2021,YELL,D12,44.932467,-110.634896,shrubScrub,Shrubland,0,63.75,0,-0.449672956,,0,0,0,0.056666667,0,,,0,0.009444445,0.003333334,-0.340555555,-0.388333334,0.104444445,0,,,-0.17,-1.359444444,1.162222222,-0.372777777,0.34722222,-1.051111111,-0.168333333,0,0.042777778,0.007777778,-0.096111111,0.614444444,0,-0.049444444,0.931111111,0.884444444,-0.033888889,0.509444444,-0.951111111,,,,-0.437777781,,-0.127777778,0.535555556,-0.445555556,,0,-0.021111111,0.000555555,-0.063888889,-0.220555556,0.121111111,,0.243888889,0,0,0,0.142777778,0,-0.085555555,0.011111111,-0.121666667,-0.79,0.73875,-0.285,-0.0015,1.632,0,0.107242424,0.018888889,17.6999047,-3.514874665,11.58740361,13.93609455,0.068108358,-34.36484538,-0.128842008,-49.33981804,-0.01420148
YELL_003,2020,2021,YELL,D12,44.954777,-110.533202,shrubScrub,Shrubland,0.5,10.08333333,0,1.039861352,,0,0,-0.045,0.023888889,0,,,-0.053333333,-0.175555556,-0.191666666,-1.598888889,-1.468333334,-0.071111111,0,,,-0.79,-4.248333333,,-1.366111111,-2.738333333,-2.717222222,-0.487777778,0,-1.286666666,-0.122222222,-0.585555556,,0,-0.213333333,,,0,-1.173888889,-3.008333333,,,,-3.744999997,,-0.550555556,,-1.567222223,,,-0.126666667,-0.102222222,-0.010555556,-0.223333333,0.044444444,,0.097777777,0.016666667,0,0,-0.078333333,0,-0.15,-0.005,-0.319444444,-25.18055556,-0.126282052,0.0452381,0.00025641,-0.25904762,,0.061416666,-0.056111111,219.9999045,5.006193515,21.97277271,56.18609455,0.194533694,13.3048616,0.098341225,10.81302747,0.096028835
YELL_005,2020,2021,YELL,D12,44.948383,-110.631377,shrubScrub,Shrubland,-0.5,-15.3,0,-0.542500914,,0,0,0,0.066666667,0,,,0,-0.285555555,-0.281666667,-1.903888889,-1.987222222,-0.077777778,0,,,-0.828888889,-4.3,0.682222222,-1.906666667,-2.995555552,-2.764444445,-0.419444445,0,-1.041666667,-0.143333333,-0.539444444,0.454444444,0,-0.203333333,0.631111111,0.557777778,0.019444444,-1.836666666,-3.025,,,,-4.659444444,,-0.662222222,0.278888889,-1.975,,0,-0.255,-0.112777778,-0.055555556,-0.167777777,-0.108333333,,0.009444444,-0.031666667,0,0,-0.253888889,0,-0.152222222,0,-0.339444445,-30.61555555,0,0,0,0,0,0.049888889,0.053333333,-202.2999998,-8.521068185,-10.38536911,-42.25000001,-0.126425336,-47.66970698,-0.227183233,-60.15284551,-0.110230315
YELL_009,2020,2021,YELL,D12,44.970313,-110.501884,evergreenForest,Evergreen Forest,0.5,12.96666666,-0.5,0.757958565,,0,0,-0.045,0.013333333,0,,,-0.041666667,-0.211666667,-0.241111111,-1.924444444,-1.268333333,-0.123888889,0,,,-0.656111111,-3.047777778,,-1.333333334,-3.623888889,-1.652222222,-0.34,0.058888889,-0.987777778,-0.194444444,-0.449444444,,0,-0.170555555,,,-0.079444444,-2.718333334,-2.901666667,,,,-5.406111108,,-0.302222223,,-2.146666666,,,-0.236666667,-0.161666667,-0.051666666,-0.093333333,-0.277222223,,0.161666667,-0.035,0,0,0.21,0,-0.122777778,0,-0.070555556,-28.18666666,0.117261904,-0.04871795,-0.000238096,0.27897436,,0.019666666,0.251111111,204.9202242,4.983313499,12.31548292,13.91031752,0.080544268,174.4243657,0.163294582,5.19214286,0.07778845
YELL_046,2020,2021,YELL,D12,44.952363,-110.541582,evergreenForest,Evergreen Forest,-3,-15.54166667,0.625,-2.995367088,,0,0,-0.1,0.101666666,0,,,-0.066666667,-0.47,-0.48,-2.611666666,-2.296666667,-0.215,0,,,-1.345,-8.11666667,1.3,-2.998333333,-4.35,-4.100000003,-0.656666666,0.266666667,-1.846666667,-0.295,-0.948333333,0.676666667,-0.001666667,-0.445,0.803333333,0.825,-0.076666667,-3.581666667,-5.558333334,,,,-11.28166666,,-0.968333334,0.593333333,-3.381666663,,0,-0.45,-0.305,-0.005,-0.32,-0.335,,0.351666666,0.035,0,0.033333333,-0.041666666,-0.038333333,-0.12,-0.016666667,-0.245,-53.0966667,0.73875,-0.285,-0.0015,1.632,0,-0.047083333,-0.011666666,-1145.308312,-28.55964954,-15.87297919,-96.99298418,-0.873597118,-403.4574607,-1.29851738,-87.6352631,-0.907377981
YELL_051,2020,2021,YELL,D12,44.954277,-110.541571,shrubScrub,Shrubland,-2.375,-24.4333334,-1.45,-1.331064891,,0,0,-0.04,0.018333334,0,,,-0.123333333,-0.8,-0.853333333,-4.675,-3.718333333,-0.35,0,,,-1.826666667,-11.28166666,0.65,-5.293333334,-7.90666667,-6.834999997,-1.058333333,0,-3.023333334,-0.386666666,-1.315,0.57,-0.028333333,-0.606666667,0.898333333,0.515,0.09,-5.408333334,-8.359999997,,,,-16.97666666,,-1.748333333,0.295,-4.223333337,,0,-0.765,-0.326666667,-0.11,-0.231666666,-0.538333334,,0.065,-0.113333333,0.021666667,0,-0.238333334,-0.02,-0.22,-0.015,-0.37,-86.66833337,0,0,0,0,0,0.033666667,-0.29,-949.7085402,-31.57896626,-26.22557375,-100.3984454,-0.664358003,-458.335304,-0.853730651,-68.98520737,-0.472727964
