,nativeStatusCode,SumOfpercentCover,rootCcontent,rootNcontent,rootCNratio,mycorrhizaIntensity,rootDiameter,SRL,RMF,rootingDepth,rootTissueDensity
Lycopodium_clavatum,N,1,,,,99,,,,,
Lycopodium_dendroideum,N,1.195833333,,,,99,,,,,
Lycopodium_hickeyi,N,1.138888889,,,,99,,,,,
Lycopodium_annotinum,N,2.93452381,469.1049039,11.16203369,42.02683094,99,,,,,
Equisetum_fluviatile,N,0.5,404.247207,9.04652861,44.68534003,99,,,,149.8387999,
Equisetum_sylvaticum,N,2.128787879,441.3733317,12.79277952,34.50175398,99,,,,,
Rubus_argutus,N,2.307291667,,,,99,,,,,
Rubus_canadensis,N,2,,,,99,,,,,
Rubus_hispidus,N,4.063888889,,,,99,,,,,
Rubus_pensilvanicus,N,2,,,,99,,,,,
Rubus_trivialis,N,2.495386905,,,,99,,,,,
Geum_canadense,N,1.220535714,,,,99,,,,,
Rubus_cuneifolius,N,3.270833333,,,,99,,,,,
Rubus_flagellaris,N,3.326515152,,,,99,,,,,
Potentilla_simplex,N,3.208333333,,,,99,,,,,
Rubus_occidentalis,N,2.642857143,,,,99,,,,,
Rosa_bridgesii,N,10.33333333,,,,99,,,,,
Rosa_gymnocarpa,N,2.416666667,,,,99,,,,,
Celtis_laevigata,N,62.045,,,,99,,,,362.4,
Celtis_occidentalis,N,3.527419355,,,,99,,,,183.7944001,
Salix_chamissonis,N,4.6875,353.8665804,,,99,1.590003422,,,,
Salix_pedicellaris,N,5.333333333,353.8665804,,,99,1.590003422,,,,
Rosa_setigera,N,5,,,,99,,,,74.03500005,
Potentilla_pulcherrima,N,2,,,,99,,,,,
Potentilla_fissa,N,2.270833333,,,,99,,,,,
Salix_bebbiana,N,4.25,327.6941884,,,99,1.410673796,,,,
Rubus_pubescens,N,4.32724359,,,,99,,57.41999998,,,
Potentilla_diversifolia,N,0.791666667,,,,99,,,,32.15999999,
Ailanthus_altissima,I,2.714285714,419.889542,11.48911861,38.74257942,99,,0.599437585,0.4975,18.30986938,
Waldsteinia_fragarioides,N,10.66666667,,12.935,,99,,93.65555547,,,
Cystopteris_protrusa,N,0.625,,,,99,,,,,
Salix_planifolia,N,0.5,222.6577002,10.39000001,21.43,99,1.021338574,635.1130502,,28.42626074,
Salix_scouleriana,N,14.6,244.3824696,17.54554677,173.1980231,99,1.049965591,687.4736646,,42.34437136,
Magnolia_fraseri,N,4.875,,,,99,,,,,
Dryas_integrifolia,N,3.321428571,,6.925000004,1.2,99,,,0.746857964,6.700000005,
Salix_glauca,N,3.833333333,235.78968,14.67024942,84.64851051,77,1.013340047,678.0056375,,20.09999998,
Salix_hastata,N,3,236.0451429,14.61901793,84.3410581,89,1.021511659,678.8946807,,25.78784164,
Salix_pulchra,N,4.109479718,236.9369161,11.9588043,73.59811434,96,1.071115853,712.5860562,,15.07777777,
Equisetum_scirpoides,N,0.666666667,,,,99,,,,,
Equisetum_arvense,N,1.457142857,,,0.375833333,99,0.169,89.07333335,,113.5262744,
Cornus_drummondii,N,11.69451346,,,,99,,,,,
Cornus_unalaschkensis,N,2.753258145,,,,99,,,,,
Arenaria_congesta,N,0.5,,,,99,,,,30.74999999,
Dryas_octopetala,N,1.916666667,,12.85000001,3.133333334,99,,,0.144289622,2.019999998,
Juncus_interior,N,7.75,,,,99,,,,,
Juncus_scirpoides,N,1,,,,99,,,,,
Tofieldia_pusilla,N,0.5,,,,20,0.565,,,1.507866668,
Chamaesyce_articulata,N,5,,,,99,,,,,
Chamaesyce_hirta,N,3.25,,,,99,,,,,
Cystopteris_fragilis,N,0.5,,15.91999999,,90,,,,12.73000001,
Ilex_mucronata,N,2.276666667,,,,99,,,,,
Betula_occidentalis,N,12.33333333,,,,99,,,,,
Cornus_alternifolia,N,1.666666667,,,,99,,,,61.26479999,
Geranium_viscosissimum,N,3.105833333,,,,99,1.171138893,,,194.0052002,
Portulaca_oleracea,I,5.5,373.0530929,16.05578304,23.23481153,99,,204.1311927,,,
Vitis_rotundifolia,N,4.938125,,,,99,,,,,
Cornus_asperifolia,N,8,,,,99,,,,,
Cornus_rugosa,N,4.5,,,,99,,,,,
Ilex_anomala,N,2.504310345,,,,99,,,,,
Ilex_coriacea,N,8.083333333,,,,99,,,,,
Ilex_glabra,N,13.6875,,,,99,,,,,
Salsola_collina,I,1.68452381,,9.193333331,,99,0.137175,22.86333333,,,
Geum_triflorum,N,16.29166667,,7.011111114,,99,,,,167.6399999,
Impatiens_pallida,N,0.5,,23.10000001,,99,,,,,
Betula_neoalaskana,N,16.88888889,,,,99,,,,,
Ilex_decidua,N,4.703703704,,,,99,,,,,
Ilex_vomitoria,N,65,,,,99,,,,,
Geum_rossii,N,1.975694444,,,,99,,,,27.50000001,
Lupinus_benthamii,N,4,,,,99,,381.9227434,,,
Lupinus_bicolor,N,1.723333333,,,,99,,381.9227434,,,
Lupinus_sericeus,N,1.768333333,,,,99,,381.9227434,,,
Verbesina_aristata,N,2.5,,,,99,,,,,
Prunus_angustifolia,N,2.125,,,,99,,,,,
Prunus_mexicana,N,54,,,,99,,,,448.1309462,
Erodium_botrys,I,10.27861248,,,,99,1.166489276,,,,
Erodium_brachycarpum,I,11.5,,,,99,1.166489276,,,,
Prunus_americana,N,2.8125,,,,99,,,,102.1080001,
Rorippa_palustris,N,7.8,430.2596091,25.642228,0.16,99,0.075,24.63333335,,15.55333334,
Spartina_pectinata,N,24.58333333,494.7780492,,0.310344828,99,1.939030639,,0.374,80.29499992,
Cornus_sericea,N,3.875,,,,94,,,,,
Vitis_cinerea,N,2.604166667,,,,99,,,,,
Sisymbrium_altissimum,I,0.75,,,,99,1.130021859,,,,
Carex_rupestris,N,4.849358974,407.7280076,16.77235395,2.95,15,0.184573304,131.36654,,,
Luzula_arctica,N,0.5,,11.61433739,0.375,99,,,,2.524999997,
Cornus_canadensis,N,4.857432432,,10.38000001,,99,,61.99652781,,,
Alnus_viridis,N,19.64285714,,,,99,,,0.213173853,20.19999998,
Quercus_fusiformis,N,0.5,,,,99,1.172927236,369.7789575,,778.8749995,
Calocedrus_decurrens,N,6.425,479.9999996,10,,99,,550.2543504,,,
Quercus_falcata,N,10.92028986,,,,99,1.834794827,466.2182736,,,
Quercus_montana,N,1.794871795,,,,99,1.834794827,466.2182736,,,
Quercus_pagoda,N,1.986111111,,,,99,1.834794827,466.2182736,,,
Carex_jamesii,N,2.774285714,486.3808649,32.13048381,,29,0.302089038,277.3016907,,,
Quercus_minima,N,11.70684524,,,,99,1.439051183,374.2534154,,,
Viburnum_lantanoides,N,2.875,,,,99,,386.8770682,,,
Viburnum_nudum,N,2.333333333,,,,99,,386.8770682,,,
Viburnum_prunifolium,N,1.326923077,,,,99,,386.8770682,,,
Quercus_chrysolepis,N,8,,,,99,1.259482949,372.595444,,490.1183999,
Impatiens_capensis,N,0.566666667,,12.03296183,34.38806508,99,,267.26,,,
Nyssa_biflora,N,0.5,,,,99,,,,,
Prosopis_glandulosa,N,18.34126984,,,,99,,,0.29625,244.4507939,
Linnaea_borealis,N,3.537136319,,14.85000001,,44,,111.6208792,,,
Senna_bauhinioides,N,1.173611111,,,,99,1.567477104,,,113.9,
Carex_leptalea,N,2.869871795,509.6434647,37.79492554,,25,0.356894313,355.9524959,,,
Larrea_tridentata,N,21.88214286,,,0.433499108,99,,42.82117381,0.230056645,160.7999998,
Poa_glauca,N,2,368.8470797,2.731851296,0.194682921,30,0.35,0.91376,,12.62500001,
Amaranthus_albus,I,3.333333333,,,,99,0.748334256,,,,
Thuja_plicata,N,15,463,16.00000001,,99,0.98187806,499.1250411,,52.25999995,
Senegalia_greggii,N,14.75,,,0.345549209,99,,34.3998893,,,
Verbena_stricta,N,1.375,440.5942544,22.31019035,1.428410589,99,2.634818693,203.4232607,,81.68640006,
Poa_secunda,N,0.896666667,,,,99,1.279617976,,,27.62266669,
Poa_reflexa,N,1,,,,99,1.717273055,,,,
Poa_sylvestris,N,5.333333333,,,,99,1.717273055,,,,
Lupinus_arcticus,N,1.011904762,497.2329437,,,99,,37.64568568,,20.09999998,
Prosopis_velutina,N,17.53333333,,,0.518776126,99,,31.02731587,0.326393346,335,
Descurainia_pinnata,N,0.569444444,,,,99,0.627704908,,,,
Viburnum_acerifolium,N,1.428571429,,,,99,,253.564333,,,
Silene_antirrhina,N,0.5,,,,99,1.290618762,,,,
Quercus_wislizeni,N,0.5,,,,99,1.365135406,252.9338155,,,
Quercus_coccinea,N,3.666666667,414.6166368,2.089999999,8.879787657,99,0.882419943,62.46477183,,121.92,
Atriplex_canescens,N,5.8125,490.179251,9.346104703,0.515328271,99,0.521890832,66.05135541,0.289366659,149.0525001,
Lupinus_argenteus,N,1.833333333,428.5371017,28.50082162,15.03595606,99,,12.87317962,,19.4,
Carex_nebrascensis,N,5,522.2034912,,,21,0.345421007,472.8660822,,65.00000005,
Thuja_occidentalis,N,0.5,,17.60000001,,73,0.31598,108.9993876,,63.65833334,
Ruellia_caroliniensis,N,1.057692308,,,,99,2.355143786,429.4280648,,,
Ruellia_strepens,N,0.833333333,,,,99,2.355143786,429.4280648,,,
Ruellia_tuberosa,N,1.5,,,,99,2.355143786,429.4280648,,,
Atriplex_confertifolia,N,6,,15.01670552,,99,0.700184132,396.0006072,0.436436965,40.19999999,
Luzula_spicata,N,1.138888889,,,,99,,152.8099997,,427.2850446,
Erigeron_strigosus,N,0.928571429,303.0375779,4.794250212,0.2587346,99,0.05,15.73000001,,15.11066665,
Silene_acaulis,N,2.835714286,,4.999999996,,99,1.25515359,,,13.39999999,
Quercus_margaretta,N,11,,37.60725782,41.33858968,99,1.778630135,409.8545597,,,
Carex_bicknellii,N,2,454.6415818,18.16217236,1.870622372,18,0.390516444,350.4873232,,702.3336093,
Carex_abscondita,N,3.5,,,,19,0.438000641,480.2392124,,728.485372,
Carex_alligata,N,1.875,,,,19,0.438000641,480.2392124,,728.485372,
Carex_austrina,N,0.5,,,,19,0.438000641,480.2392124,,728.485372,
Carex_bushii,N,2.5,,,,19,0.438000641,480.2392124,,728.485372,
Carex_crawfordii,N,7,,,,19,0.438000641,480.2392124,,728.485372,
Carex_ebenea,N,1.25,,,,19,0.438000641,480.2392124,,728.485372,
Carex_gravida,N,1.25,,,,19,0.438000641,480.2392124,,728.485372,
Carex_inops,N,1.75,,,,19,0.438000641,480.2392124,,728.485372,
Carex_molestiformis,N,1,,,,19,0.438000641,480.2392124,,728.485372,
Carex_peckii,N,2.5,,,,19,0.438000641,480.2392124,,728.485372,
Carex_rossii,N,2.449652778,,,,19,0.438000641,480.2392124,,728.485372,
Carex_tribuloides,N,4,,,,19,0.438000641,480.2392124,,728.485372,
Carex_molesta,N,0.5,455.9062341,18.44226519,2.02467628,18,0.392013635,353.6709623,,703.5339766,
Poa_alpina/arctica,N,5,472.696331,12.53999999,0.442,99,0.999280745,,,38.00000003,
Quercus_lyrata,N,1.333333333,,,,99,1.384142182,287.9767583,,,
Carex_brevior,N,1.596153846,457.2062161,18.73385785,2.195765666,18,0.393554288,356.9643651,,704.7665413,
Corylus_americana,N,1,,10.525525,43.7,99,,52.00000004,,234.8484002,
Betula_glandulosa,N,10.17933489,,,,99,0.31,,,20.09999998,
Verbena_halei,N,0.5,495.4717614,39.88043433,,99,,183.2841011,,,
Verbena_urticifolia,N,3.375,495.4717614,39.88043433,,99,,183.2841011,,,
Androsace_septentrionalis,N,0.5,464.6035009,12.29704856,25.23047211,99,,79.99693946,0.113475177,5.499999994,
Juncus_arcticus,N,7.125,,,,99,0.56173482,,,,
Juncus_tenuis,N,1.166666667,,,,99,0.56173482,,,,
Quercus_hemisphaerica,N,11,494.9305927,20.4850534,,99,1.10994196,149.3014907,,,
Quercus_laevis,N,5.510606061,494.9305927,20.4850534,,99,1.10994196,149.3014907,,,
Quercus_myrtifolia,N,30,494.9305927,20.4850534,,99,1.10994196,149.3014907,,,
Quercus_nigra,N,6.677419355,494.9305927,20.4850534,,99,1.10994196,149.3014907,,,
Chamaesyce_serpyllifolia,N,1.083333333,413.6950686,14.33110355,28.86693731,99,2.498090511,148.9629904,,,
Salvia_columbariae,N,0.5,,,,99,1.891683426,,,,
Salvia_lyrata,N,1.0625,,,,99,1.891683426,,,,
Quercus_incana,N,7.25,512.9585192,27.53206654,,99,1.17327325,180.6144761,,,
Quercus_phellos,N,1.75,512.9585192,27.53206654,,99,1.17327325,180.6144761,,,
Rosa_woodsii,N,1.726190476,446.3888169,6.522524949,68.43803901,99,,36.24404375,,,
Robinia_pseudoacacia,N,1.678571429,,14.29999998,,63,,1.863,0.340833333,305.2547552,
Acer_circinatum,N,1.326923077,,,,99,1.816068969,443.1344709,,,
Quercus_marilandica,N,2.333333333,509.2051536,26.34344837,,99,1.151502282,173.5770059,,,
Quercus_laurifolia,N,5.5,508.6764813,26.24398927,,99,1.147084156,172.5901801,,,
Luzula_confusa,N,0.5,,8.075,65.20000004,99,,,,2.524999997,
Acer_barbatum,N,4.875,,9.701339499,,99,1.964959006,350.4555259,,112.9,
Amelanchier_arborea,N,1.325,,,,99,1.561849307,235.5226762,,,
Amelanchier_laevis,N,4.079166667,,,,99,1.561849307,235.5226762,,,
Morus_rubra,N,2.5,,,,99,,,0.504812541,163.3727999,
Oenothera_speciosa,N,0.625,,,,99,1.863603524,,,,
Arenaria_fendleri,N,1.256944444,445.1421735,9.550431962,46.60963768,99,,50.08046884,,,
Sisymbrium_officinale,I,1,522.606246,19.4,0.414072544,99,0.793131271,914.0000006,0.297694282,,
Aristida_beyrichiana,N,12.83797619,,,,99,1.633976899,865.1475641,,,
Abies_balsamea,N,13.36805556,441.8189606,9.08344906,0.295371229,11,2.560014332,22.013405,0.228774138,82.04033669,
Quercus_velutina,N,1.891025641,507.0093154,25.29747841,,99,1.071568276,171.7148152,,101.6,
Acer_spicatum,N,9.375,499.4890383,8.199999993,,99,1.144962622,127.3063157,,,
Carex_disperma,N,4.053571429,519.829207,35.20290282,,15,0.34275202,489.7478443,,244.6639966,
Cassiope_tetragona,N,3.516666667,,9.304642126,3.4,99,0.35,,0.791240502,2.905955557,
Carex_atherodes,N,6.305555556,490.0817582,39.74643561,,3,0.0911,540.8015737,,,
Chasmanthium_laxum,N,3,,,,99,,330.9083997,,,
Chasmanthium_sessiliflorum,N,3.603070175,,,,99,,330.9083595,,,
Carex_interior,N,0.5,491.0911732,12.84503441,35.08437812,21,0.443600827,49.72178806,,,
Geranium_maculatum,N,1,,,,99,0.695146218,809.5795243,,,
Vaccinium_parvifolium,N,3.541666667,,27.01894676,,99,0.803530603,301.9130785,,134.5055117,
Verbena_bracteata,N,3,414.8395534,14.37707665,28.85423543,99,,46.87515707,,,
Cornus_suecica,N,1.583333333,465.5504288,7.812801368,59.58815627,99,,,,,
Vaccinium_ovalifolium,N,19.1875,,24.01658821,,99,0.801073013,248.7952433,,106.027088,
Amaranthus_fimbriatus,N,1.388888889,,,,99,0.476783646,,,,
Amaranthus_palmeri,N,4.714285714,,,,99,0.476783646,,,,
Carex_canescens,N,1.022727273,482.5504134,28.88240219,,14,0.1139,473.3310093,,161.3283957,
Quercus_geminata,N,10.05,,,,99,1.105072575,196.7318824,,,
Vaccinium_myrtilloides,N,1.775,,7.730000001,,99,0.785165611,51.92771087,0.704507076,11.10000001,
Luzula_multiflora,N,0.5,,5.237476544,84.58953294,99,,132.06,,275.0881236,
Vaccinium_angustifolium,N,3.335161565,,7.062500003,,99,0.793120962,76.46321067,,636.6857537,
Carex_echinata,N,3,506.0818374,30.83569191,,14,0.285772472,475.328247,,146.1183165,
Vaccinium_elliottii,N,4.125,,,,99,0.787792092,,,646.1934225,
Vaccinium_membranaceum,N,6.35,,,,99,0.787792092,,,646.1934225,
Vaccinium_oxycoccos,N,0.695833333,,,,99,0.787792092,,,646.1934225,
Abies_fraseri,N,13.275,443.6371333,15.27471566,1.584951134,9,2.340206029,30.52745479,0.3525,324.1964918,
Sporobolus_flexuosus,N,1.621263228,,,,99,1.537745398,724.5060249,,,
Sporobolus_junceus,N,6.391666667,,,,99,1.537745398,724.5060249,,,
Poncirus_trifoliata,I,0.5,,,,28,0.643902778,32.59999999,0.282923821,,
Carex_deweyana,N,1.2,503.5839563,30.0905554,,13,0.275954927,472.4268207,,136.6672334,
Sida_cordifolia,N,2,,,,54,1.661729443,329.4201541,,,
Carex_siccata,N,4.35,505.2364298,29.31801191,,13,0.283194944,474.8889049,,13.49999998,
Amorpha_canescens,N,4.423686371,,29.09992,,99,0.1938,45.47766131,0.335081865,192.3146222,
Salvia_reflexa,N,0.5,,,,99,0.17178,,,,
Carex_trisperma,N,3.65625,502.6504347,30.12402012,,13,0.255337258,472.3732439,,133.1389216,
Quercus_kelloggii,N,1.425,,37.79466156,,99,1.025107754,173.31307,,,
Sibbaldia_procumbens,N,0.666666667,,15.54048631,28.07178519,62,2.549257536,128.1099999,,18.33333334,
Veronica_arvensis,I,0.5,525.7771588,,0.428914256,99,1.326191621,,0.281239121,,
Arctostaphylos_patula,N,19.75,,,,99,1.449215089,,,133.9999999,
Corylus_cornuta,N,95.65151515,,20.44802972,,99,,203.1347483,,4.663285714,
Carex_duriuscula,N,3.378571429,529.6233761,,,14,0.378043535,98.77249995,,35.06222223,
Carex_blanda,N,2.545658263,,38.79868213,,11,0.328111757,580.6286723,,293.0630622,
Carex_laxiflora,N,2,,38.79868213,,11,0.328111757,580.6286723,,293.0630622,
Carex_brunnescens,N,2.608333333,501.8481847,30.13879344,,13,0.239663221,472.3422103,,130.5751295,
Anemone_canadensis,N,2.183333333,,,,99,2.391490041,830.270206,,,
Carex_stipata,N,1.75,475.565959,22.16138941,8.368066388,13,0.27597388,439.7143303,,136.8205765,
Carex_chordorrhiza,N,0.5,494.364985,30.32838563,,13,0.1338,475.0649802,,137.6787924,
Epilobium_brachycarpum,N,0.5,408.3654018,10.95816315,37.63792894,99,2.533764389,81.71053254,,,
Carex_heteroneura,N,1.25,,39.21616353,,11,0.368549086,580.3354816,,282.2022892,
Carex_arctata,N,1.516666667,,39.25805032,,10,0.372364459,580.3054493,,280.9192814,
Carex_debilis,N,2,,39.25805032,,10,0.372364459,580.3054493,,280.9192814,
Carex_gracillima,N,2.180555556,,39.25805032,,10,0.372364459,580.3054493,,280.9192814,
Cornus_nuttallii,N,6.333333333,,,,99,,777.279491,,,
Chloris_barbata,N,17.33333333,,,,99,0.916209346,,,,
Vaccinium_arboreum,N,4.702536232,,,,99,0.68988605,,,654.5115535,
Vaccinium_stamineum,N,5.652777778,,,,99,0.68988605,,,654.5115535,
Carex_vaginata,N,0.5,507.4114422,37.23370874,,11,0.1155,581.6467836,,301.7111627,
Solanum_elaeagnifolium,N,1.016666667,,,,99,0.91860117,905.5677793,,111.5900001,
Pinus_flexilis,N,2,,,,37,1.501616286,184.4975088,,,
Arctostaphylos_nevadensis,N,26,,,,99,1.799190073,,,,
Arctostaphylos_viscida,N,4.625,,,,99,1.799190073,,,,
Quercus_muehlenbergii,N,15.8125,,35.33967691,,99,0.974421647,159.1126549,,,
Geranium_caespitosum,N,0.5,419.6006014,6.611015205,63.46991928,99,0.774858832,10.65348059,0.712914684,62.96659994,
Sporobolus_compositus,N,3.165884354,,,,99,1.261943786,600.8882057,,68.07200006,
Calliandra_eriophylla,N,5.890625,,,0.197802763,99,,109.5716183,0.162960256,,
Bouteloua_hirsuta,N,4.550252525,,,,99,1.01806435,713.1226578,,,
Prunus_virginiana,N,2.519230769,,,,60,0.356,53.49628021,,102.1080001,
Carex_pensylvanica,N,8.514455782,526.7039904,,,10,0.290816105,580.9670502,,61.26479999,
Potentilla_gracilis,N,2.75,,,,99,0.39876,90.65356988,,67.74376831,
Carex_crinita,N,6.05,482.5864018,9.558595708,49.69930585,20,0.409842204,46.63784138,0.44,214.1910957,
Solanum_dimidiatum,N,1,,,,99,0.96483625,883.6313914,,,
Amaranthus_dubius,N,6,,,179.3456238,99,0.401199504,,,,
Linaria_dalmatica,I,0.5,439.999809,10.01238703,43.94554542,99,,26.6097232,,,
Sporobolus_contractus,N,1.5,,,,99,1.178211621,525.8631172,,87.1,
Bouteloua_aristidoides,N,1.565674603,,,,99,0.945957471,724.5301147,,,
Carex_communis,N,1.072916667,530.4395403,,,9,0.310707582,583.5831932,,175.6642136,
Alnus_incana,N,13.38888889,523.9809911,12.79626216,45.12194533,99,,,0.28,20.19999998,
Morus_alba,I,1,,19.88799999,,50,1.177416666,,0.14,209.3214001,
Chamerion_angustifolium,N,7.62965368,452.774344,11.29821394,40.0748602,99,,295.2229489,0.238047141,28.90000002,
Chasmanthium_latifolium,N,6.246428571,,14.8750044,30.95961312,99,,38.63855354,,,
Carex_deflexa,N,0.833333333,,39.278635,,9,0.328792686,586.000878,,211.9134244,
Carex_amphibola,N,1.166666667,,37.95586963,,9,0.384209381,588.6621392,,219.7248644,
Carex_grayi,N,4.416666667,,37.95586963,,9,0.384209381,588.6621392,,219.7248644,
Carex_grisea,N,1.25,,37.95586963,,9,0.384209381,588.6621392,,219.7248644,
Carex_membranacea,N,1,,37.95586963,,9,0.384209381,588.6621392,,219.7248644,
Carex_oligocarpa,N,1.875,,37.95586963,,9,0.384209381,588.6621392,,219.7248644,
Carex_pedunculata,N,2.329444444,,37.95586963,,9,0.384209381,588.6621392,,219.7248644,
Symphoricarpos_mollis,N,2.166666667,,,,99,1.299936641,460.8409456,,,
Desmanthus_virgatus,N,4.09375,,,,99,0.896104655,308.8099516,,,
Desmanthus_cooleyi,N,2.558333333,,,,99,0.843026109,307.9718312,,140.6999999,
Poa_arctica,N,0.53125,,,8,99,1.536006224,,,7.574999997,
Panicum_anceps,N,4.041666667,,,,99,1.136177735,,,,
Panicum_hirticaule,N,1.642857143,,,,99,1.136177735,,,,
Panicum_verrucosum,N,4,,,,99,1.136177735,,,,
Carpinus_caroliniana,N,7.176470588,,,,99,0.63088125,20.89186804,,50.79999997,
Symphoricarpos_albus,N,4.3,,,,99,1.259194705,458.785033,0.455,,
Sida_spinosa,N,1,532.7783497,29.20102537,,99,0.96948774,94.09818077,,,
Vaccinium_myrsinites,N,2.435185185,,28.77269462,,99,0.620933598,,,637.0830064,
Panicum_hemitomon,N,20.5,,,,99,,793.1616986,,,
Penstemon_laxiflorus,N,2,,,,99,1.085660014,487.8244888,,417.655164,
Schedonorus_arundinaceus,I,10.05583333,506.5440361,,2.390123456,99,0.166466667,116.6661741,,137.25,
Abies_magnifica,N,8.5,459.0000005,16.00000001,,86,,113.9642334,0.373349574,,
Rhododendron_canescens,N,1.75,,32.24464115,,99,1.738378552,135.6378014,,,
Abies_concolor,N,2.125,451.0000001,16.00000001,,23,2.418928313,32.14485596,0.474426036,,
Vaccinium_pallidum,N,2.625,,9.790000004,,99,0.619866288,,,622.9391364,
Picea_rubens,N,2.9375,477.2402539,6.386666666,0.308270677,5,0.45,18.4,0.341877395,33.02000001,
Quercus_stellata,N,11.00238095,,28.97359794,,99,0.840080774,123.9423451,,,
Carex_stylosa,N,2,,36.49847103,,8,0.39805919,594.0493299,,151.2488371,
Carex_squarrosa,N,2.5,,33.49316805,,7,0.340791474,598.1003958,,167.1800399,
Leucaena_leucocephala,I,4.205731922,,19,,99,0.533333333,20.53333331,0.44,100.5000001,
Abies_amabilis,N,18.57954545,517.7549835,6.222503076,51.5,89,,59.75906525,0.1235625,222.0512055,
Symphoricarpos_orbiculatus,N,8.209625127,,,,99,1.148104954,382.8533915,,84.29333331,
Convolvulus_arvensis,I,3.0625,,12.29355575,21.11257625,47,,31.40811584,0.313451841,27.99999998,
Carex_lapponica,N,1.083333333,514.0514082,31.45165355,,10,0.1845,471.2111843,,90.58466804,
Euphorbia_heterophylla,N,6.166666667,,,,99,0.962797507,637.0305319,,,
Bidens_frondosa,N,0.5,467.290326,21.27548736,,99,0.447208262,6.707835629,,3.35,
Dalea_carnea,N,1,,,,99,1.820013734,,,,
Dalea_pinnata,N,3.416666667,,,,99,1.820013734,,,,
Bouteloua_dactyloides,N,6.863888889,480.0077557,15.93324334,,99,0.527957116,574.9821897,0.44,185.4200001,
Aristida_purpurascens,N,3.375,514.3442929,38.31798122,,99,0.980640263,372.3134554,,,
Andromeda_polifolia,N,1.504931973,,6.916666661,,52,1.057721815,,,14.40500001,
Acer_pensylvanicum,N,9.3515625,,,,99,2.031908613,607.6495319,0.20625,71.12000001,1.785901782
Juniperus_virginiana,N,0.924019608,501.1000003,7.150000003,77.11500001,99,,37.47951627,0.699719677,262.9296002,1.742019331
Apocynum_androsaemifolium,N,1.666666667,,7.939999992,212.7113069,99,0.930060883,50.66666664,,81.68640006,1.740067402
Conyza_canadensis,N,2.351293103,337.3729932,6.286576486,0.205449663,99,0.141111111,17.79374998,,18.46333332,1.724576373
Rubus_allegheniensis,N,6.465584416,341.9002104,16.29874999,14.15725703,68,0.194953059,26.21754554,,69.00999994,1.70587574
Carex_rariflora,N,2.083333333,518.7685425,29.45042105,,5,0.258473876,588.4928447,,141.0244632,1.697160494
Anemone_multifida,N,0.5,,,,99,1.732085277,676.3919624,,,1.688679113
Anemone_parviflora,N,0.5,,,,99,1.732085277,676.3919624,,,1.688679113
Rhus_aromatica,N,16.5,,30.23685071,,99,,,,,1.687810415
Pinus_edulis,N,9,,15.65764705,,7,0.38,18.6744043,0.393333333,510.54,1.633516914
Arctostaphylos_uva-ursi,N,2.630952381,,8.315942217,,99,0.434113333,92.44859664,,49.23666662,1.631273668
Aristida_condensata,N,1,504.3605075,33.67809488,,99,0.905329227,326.0063878,,677.4959334,1.615821095
Aristida_spiciformis,N,1.125,504.3605075,33.67809488,,99,0.905329227,326.0063878,,677.4959334,1.615821095
Juncus_drummondii,N,1.777777778,,4.38854882,,99,0.4299,61.12684321,,,1.603542251
Setaria_pumila,I,1.75,487.0692903,29.90232206,,59,0.17474,432.3564446,,,1.583266158
Quercus_chapmanii,N,9.583333333,,24.42087408,,99,0.726397019,107.1582224,,,1.572935504
Ledum_palustre,N,6.49514157,449.7999999,10.725,48.63249995,35,0.479976191,10.08675,0.37,14.29791668,1.570128318
Juniperus_osteosperma,N,41,,,,99,,27.52103154,,,1.560821136
Vitis_vulpina,N,1,,,,99,0.702156667,20.26431608,,275.6916001,1.560122808
Carex_bigelowii,N,2.567155612,431.9,10.03343947,25.22666669,6,0.1203,543.9324199,0.583750001,26,1.524269852
Rhus_copallinum,N,3.93125,,28.35226486,,99,2.766332032,,,95.13999998,1.513121322
Rhododendron_maximum,N,21.42857143,,23.74878698,,99,0.486448024,12.02099739,,,1.511509304
Picea_glauca,N,7.541666667,,16.994234,,69,0.23,39,0.248933333,53.05724311,1.496091373
Erysimum_capitatum,N,0.5,501.1904765,,40.56117065,99,0.280603131,462.5487902,,18.66666665,1.494698187
Anemone_quinquefolia,N,2.755555556,,,,99,1.578881934,623.972878,,,1.494479737
Carex_magellanica,N,1.083333333,506.4519512,28.92315027,,2,0.1363,568.7991488,,129.994659,1.493631666
Sida_acuta,N,4.666666667,429.3999999,8.850000006,48.51977397,99,0.408,19.08999998,,,1.473218732
Anemone_berlandieri,N,0.5,,,,99,1.554476869,615.0849038,,,1.463862698
Aristida_ternipes,N,1.333333333,505.6566353,31.51160969,,99,0.888113767,327.9397269,0.73630182,30.30000003,1.457943592
Erigeron_peregrinus,N,2.583333333,390.2665868,10.84197489,51.66446592,99,0.274776352,54.68264992,0.611254945,28.29896578,1.442112196
Erigeron_simplex,N,1.486111111,390.2665868,10.84197489,51.66446592,99,0.274776352,54.68264992,0.611254945,28.29896578,1.442112196
Phlox_stolonifera,N,1,,,,99,1.172622212,,,,1.438769678
Picea_engelmannii,N,25.86666667,467.0000005,6.416666665,68.40000004,46,0.288516481,59.98049382,0.4775,190.7928736,1.42508197
Geranium_richardsonii,N,1.125,450.1081845,12.74669279,34.17524739,99,0.808736403,49.27784044,0.616549008,132.2252945,1.422274098
Arctostaphylos_alpina,N,7.047619048,,,,40,1.831854823,,,,1.401266348
Dichanthelium_sphaerocarpon,N,1.266666667,525.0242533,,,99,0.635473765,,,,1.386494291
Galium_concinnum,N,1,,,,99,0.64203135,,,,1.380690647
Galium_hispidulum,N,3,,,,99,0.64203135,,,,1.380690647
Galium_lanceolatum,N,4,,,,99,0.64203135,,,,1.380690647
Poa_alpina,N,0.625,458.0820443,12.53999999,0.442,37,0.864117873,,0.313259362,25.45999998,1.353638827
Setaria_viridis,I,0.5,460.0906248,4.29333333,67.08202776,60,0.61182212,39.28666666,0.331666667,685.3598314,1.352524555
Alliaria_petiolata,I,3.770676692,,,,99,0.1672,512.6928372,,,1.345171481
Festuca_occidentalis,N,3,,,,99,0.743277659,,,767.1614045,1.343498384
Chenopodium_rubrum,N,2.5625,464.9600004,3.999999997,116.2399999,99,0.284010812,240.3428544,0.491505563,,1.341237173
Rubus_phoenicolasius,I,11.196,353.2861394,16.60999998,21.26948464,89,0.222013854,24.42402535,,,1.336709766
Picea_mariana,N,13.57979167,,22.54513888,,14,0.813868348,127.0056032,0.238875,33.25448703,1.335582296
Stellaria_longipes,N,0.5,492.1585202,,2.500000002,99,0.152908333,,,,1.329937978
Phlox_multiflora,N,1.154545455,,,,99,1.074968538,,,,1.277814046
Festuca_idahoensis,N,1.265,,,,99,0.688969711,,,26.8,1.25202587
Microlaena_stipoides,I,34.875,,,,99,0.177587467,195.0608862,0.088935992,46.20749998,1.229531951
Carex_aquatilis,N,5.583333333,504.6941719,12.48333335,,5,0.1668,568.0182858,0.713880289,17.63119046,1.223761236
Agoseris_retrorsa,N,1,,39.08767532,,99,2.370430976,345.9876648,,401.1851723,1.200583603
Ilex_cassine,N,24.75,,,,90,1.775993807,415.9756997,,,1.195131413
Festuca_brachyphylla,N,0.625,,10,,99,0.742541845,,,759.537752,1.175806198
Avena_barbata,I,2.65224359,433.6794929,12.08653569,0.668896321,99,0.635599526,,0.467209767,5.832999994,1.14302506
Veronica_wormskjoldii,N,1.75,,,,99,0.519570161,,,,1.142186856
Senecio_vulgaris,I,0.5,482.0795173,14.69521999,0.170915078,99,1.747135047,487.828602,0.152053866,10.95,1.14045596
Asimina_incana,N,1.083333333,,,,99,2.540173082,111.9750007,,,1.117131693
Asimina_reticulata,N,6.354166667,,,,99,2.540173082,111.9750007,,,1.117131693
Anemone_narcissiflora,N,0.5,,14.47653668,29.92505608,66,1.859433207,24.76000004,,,1.097145895
Festuca_altaica,N,1.874404762,,12.5,,99,0.620466256,,,57.72444447,1.091215951
Synedrella_nodiflora,N,6.666666667,530.0567788,,,99,1.513239924,415.7574344,,,1.090852684
Cerastium_glomeratum,I,1.00462963,442.6257361,14.70000001,0.383043991,42,0.649216621,318,0.250771497,,1.084611494
Eryngium_aromaticum,N,3,,,,99,1.150857848,371.1957277,,,1.074221805
Ledum_groenlandicum,N,5.871875,,9.530000008,,99,,86.3515151,0.302872931,0.2,1.036705609
Andropogon_ternarius,N,4.055555556,,36.41517117,,99,0.671583264,299.4989751,,740.5630349,1.031871388
Andropogon_capillipes,N,4.559090909,,36.4151659,,99,0.671583195,299.4989238,,740.5628246,1.031871237
Andropogon_virginicus,N,22.90010823,,36.4151659,,99,0.671583195,299.4989238,,740.5628246,1.031871237
Vaccinium_vitis-idaea,N,9.618105159,470.9159388,10.7702458,37.98727992,64,0.318990498,630.2999998,0.269473271,11.65542929,1.030944779
Cirsium_texanum,N,2.2,517.8235095,,,99,0.67086204,530.1130828,,,1.025826416
Dichanthelium_xanthophysum,N,1,501.0703783,,142.7277123,99,0.475931137,782.6294672,,,1.005806721
Chenopodium_hians,N,5,,16.89923794,,99,0.328097242,567.9120343,0.384534501,,1.004039382
Poa_compressa,I,1.104166667,395.7017519,8.044205302,32.9916044,99,0.655308193,54.78892975,0.391862314,632.1546323,0.987438948
Schizachyrium_tenerum,N,12,,35.03563304,,99,0.620709033,280.1362337,,554.8424352,0.986235898
Penstemon_virens,N,1.333333333,,,28.97834056,99,0.830411398,113.6684802,0.571742557,85.12602943,0.982758331
Pinus_glabra,N,0.5,,28.19026388,,90,1.452449993,123.4585147,,,0.980880964
Penstemon_whippleanus,N,1.21875,,,28.70712678,99,0.827437356,113.4425057,0.551610288,8.999999991,0.972346621
Abies_lasiocarpa,N,66.51764706,,32.93621706,81.50000005,7,,40.27948304,0.103200285,70.92921772,0.9656309
Empetrum_nigrum,N,3.356277056,525.4766021,8.449701246,38.3055534,30,2.458984407,666.1327539,0.119259512,10.18452381,0.954099811
Rhododendron_lapponicum,N,0.5,,5.999999995,86.79999996,35,1.782826674,133.7319499,,,0.943580009
Triticum_aestivum,I,8.271296296,376.0600003,11.33777779,25.35082703,99,0.509471711,228.3801987,0.23149008,67.00000005,0.916488434
Thalictrum_occidentale,N,8.5,463.1762286,20.54132551,,99,1.112296146,94.05746755,,,0.885212129
Vaccinium_uliginosum,N,5.54048913,501.44483,8.197031688,36.54788999,41,0.746613664,,0.571138144,16.24305557,0.876129146
Asclepias_asperula,N,3.125,,31.98932263,,99,0.964492311,201.2393371,,450.4840264,0.855769753
Asclepias_ovalifolia,N,1.222222222,,31.98932263,,99,0.964492311,201.2393371,,450.4840264,0.855769753
Asclepias_pumila,N,0.5,,31.98932263,,99,0.964492311,201.2393371,,450.4840264,0.855769753
Asclepias_stenophylla,N,0.5,,31.98932263,,99,0.964492311,201.2393371,,450.4840264,0.855769753
Asclepias_viridiflora,N,0.75,,31.98932263,,99,0.964492311,201.2393371,,450.4840264,0.855769753
Lespedeza_angustifolia,N,1,,,,99,0.748925015,261.2139618,0.771782111,,0.829056369
Carya_aquatica,N,2,437.7244562,18.92809136,,99,0.469741614,102.7630656,,436.8521087,0.816917221
Tsuga_heterophylla,N,16.84404762,492.7199999,3.90333333,257.4999998,99,2.538762201,414.1044141,0.234,54.27000005,0.776083276
Morella_caroliniensis,N,1.25,,,,99,1.051497861,315.6016064,,,0.765394515
Ulmus_crassifolia,N,0.5625,,31.53851978,,99,1.069210016,590.4385023,,469.0000003,0.764464496
Carex_capillaris,N,0.5,,33.016094,,4,0.37,604.2407419,0.38957251,1.943000002,0.74762844
Agoseris_glauca,N,0.5625,458.6270901,8.852539067,51.80740663,99,2.129846354,56.33396323,0.821719962,20.39999998,0.746251232
Thalictrum_fendleri,N,7,396.7483141,8.452165222,62.50631784,99,0.603019999,32.47288496,,,0.740071384
Pinus_sabiniana,N,0.5,,26.6090966,,31,1.093470256,106.4465587,,,0.731473017
Lespedeza_virginica,N,2.958333333,,,74.1875475,99,0.651437311,194.3317949,0.656914116,,0.730059464
Vernonia_angustifolia,N,1.297727273,485.2691656,,18.42745647,99,0.546486167,108.8268798,,,0.717974917
Vernonia_gigantea,N,8.666666667,485.2691656,,18.42745647,99,0.546486167,108.8268798,,,0.717974917
Ageratina_aromatica,N,1.383333333,499.5053004,,139.6779871,99,0.707019896,731.0009428,,390.9860663,0.705866671
Betula_papyrifera,N,2.125,498.7374799,16.82340655,,25,0.591025094,829.5651645,0.236669947,22.74266666,0.690476222
Populus_tremuloides,N,3.148026316,408.5883251,14.8027114,35.74219773,3,0.293923077,68.50107673,0.308628588,56.73657574,0.676666666
Artemisia_absinthium,I,1.827380952,497.7828998,20.27903632,173.4434764,72,0.337989913,81.17416935,0.60696992,226.6785765,0.672413214
Encelia_farinosa,N,2.575,443.0325039,32.08169137,16.79702729,99,1.091158314,216.8339894,0.425776349,27.77500002,0.671990788
Bromus_diandrus,I,7.900505051,387.3240334,9.037241447,0.958772772,99,0.44229933,254.4254682,0.566488452,9.800000007,0.660312414
Comarum_palustre,N,3.833333333,475.7630898,7.987218054,59.56555669,14,,,,,0.656383929
Elymus_scribneri,N,0.5,474.7543921,29.39496348,,99,0.405971172,318.3472288,,215.8637028,0.653784411
Asclepias_humistrata,N,0.5,,33.83947786,,99,0.910170567,159.1955719,,463.9861293,0.653136956
Carya_glabra,N,1.963541667,372.911175,11.25679699,28.41064582,99,0.207222222,64.160235,,127,0.652466666
Halesia_diptera,N,4,,,,99,1.569624235,343.6342714,,,0.649879261
Polygonum_amphibium,N,5.246666667,,25.91138007,,58,0.525586631,826.5042575,0.611170371,10,0.64562614
Populus_balsamifera,N,2.65625,433.877142,22.98027778,0.473300882,1,0.785099999,89.99999991,0.33,62.04384254,0.636600267
Carya_cordiformis,N,1.263888889,523.4577477,27.17865532,,99,0.610043477,22.68994792,,174.5826667,0.633575475
Lespedeza_frutescens,N,25,,,24.33593496,99,0.570633952,149.7029647,0.562410558,719.998015,0.632250936
Polygonum_hydropiperoides,N,1.25,,25.10465573,,57,0.608403973,833.4819454,0.621423012,87.57807997,0.62236699
Polygonum_punctatum,N,2,,25.10465573,,57,0.608403973,833.4819454,0.621423012,87.57807997,0.62236699
Poa_leptocoma,N,2.25,,,,99,0.544646667,58.19390048,,742.8216789,0.618776014
Dirca_palustris,N,6,467.9999999,10,,99,2.228243558,57.59999994,,,0.61
Deschampsia_nubigena,N,1,,26.5173764,,99,0.45617184,612.879174,,,0.608515338
Pinus_echinata,N,0.5,512.0275642,11.21737288,177.5268633,32,0.707463584,36.1746086,0.4,93.66468588,0.606196407
Eupatorium_capillifolium,N,2.6875,469.712561,32.37596363,56.99270387,99,0.712767919,247.0264633,0.828944215,359.5785567,0.603962004
Juniperus_communis,N,24.5,493.6451301,6.717592836,82.5382993,50,,5.549999998,0.265,59.19199996,0.599999999
Pseudocymopterus_montanus,N,0.864583333,418.7546542,7.459595495,65.29987621,99,1.282108479,18.49829091,0.664579961,,0.590520764
Polygonum_bistorta,N,1.924801587,532.554469,25.6093008,,17,0.471448843,705.0085023,0.61273708,10.10000001,0.589961996
Antennaria_corymbosa,N,5,508.7066162,34.20493598,32.62126594,99,0.682844868,494.4967008,0.428062995,183.2057161,0.588582734
Antennaria_rosea,N,1.333333333,508.7066162,34.20493598,32.62126594,99,0.682844868,494.4967008,0.428062995,183.2057161,0.588582734
Antennaria_umbrinella,N,1.166666667,508.7066162,34.20493598,32.62126594,99,0.682844868,494.4967008,0.428062995,183.2057161,0.588582734
Danthonia_intermedia,N,1.208333333,522.8292838,,,99,0.3774,15.56514286,,,0.583333333
Chamaedaphne_calyculata,N,4.25,464.1999999,2.629999997,178.4,43,0.29,428.0247144,,404.2814832,0.575587775
Chaetopappa_ericoides,N,0.645833333,395.3506854,13.30856322,29.70648881,99,0.63267228,43.25886724,0.622469096,380.9445073,0.574910304
Quercus_alba,N,7.021428571,421.256658,9.447543516,34.43675002,56,0.315413567,58.53147426,0.737500001,139.2966667,0.570844209
Lepidium_virginicum,N,0.875,417.7551746,16.46000455,0.363165846,99,0.118338333,186.6354976,0.255667793,544.1204886,0.568010133
Pinus_strobus,N,1.594444444,391.3961659,9.512300906,30.25870177,45,0.542599966,28.55128933,0.4375,103.7242065,0.565666667
Lonicera_maackii,I,2.6875,348.3060323,12.0375,18.43377928,92,0.256194085,39.97397495,,,0.564656153
Encelia_frutescens,N,18.83333333,415.6008217,22.86391126,0.250744786,98,1.067361588,70.1269326,0.18951094,106.6289623,0.56181032
Digitalis_purpurea,I,10.33333333,,,,8,2.319631957,331.1988407,0.234662639,,0.551250756
Pinus_virginiana,N,1.25,375.5542162,11.59602305,26.69846249,99,0.330393986,32.04651635,,,0.544771869
Potentilla_recta,I,0.5,516.418314,,2.167170269,99,0.140333333,102.1673223,0.774718399,,0.542982457
Guaiacum_sanctum,N,1.166666667,460.1996616,18.44622612,,99,0.414966667,8.156947686,,,0.532222222
Cephalanthus_occidentalis,N,4,459.0000005,12,,99,1.232729939,48.89999999,0.435,,0.53
Agrostis_humilis,N,1,506.0931993,35.05511508,,99,0.534460984,785.9342085,,213.562554,0.527848832
Lactuca_floridana,N,2.666666667,486.9687776,18.29287542,41.62502869,99,0.700489751,114.0276059,,551.4908189,0.523958213
Hedeoma_drummondii,N,0.871527778,484.2587225,,20.98243668,99,0.570169244,507.8527727,,,0.523005023
Betula_alleghaniensis,N,4.229166667,439.6499995,15.16958997,34.47302553,7,0.260052045,160.4408333,0.239784574,76.19999994,0.522969902
Elymus_macgregorii,N,1.020833333,469.4031932,23.3635677,160.6280911,99,0.350661739,214.3295315,0.701138337,137.2968744,0.520145447
Erysimum_cheiranthoides,I,0.5,473.8499337,,0.57,99,0.1345,126.2088158,0.364028663,144.523857,0.518181818
Dicranopteris_linearis,N,38.33333333,,8.289477995,,99,0.419102947,31.34250003,,,0.5175
Nassella_viridula,N,1.881818182,469.9304044,,,99,0.23675,54.89286066,,73.70000002,0.517363388
Elymus_glaucus,N,3.833333333,463.5786772,32.98971607,,99,0.42102975,254.8392425,,380.2661405,0.5159749
Eupatorium_serotinum,N,3,458.3665802,27.31461583,22.6130829,99,0.634591029,183.8549396,0.700411598,285.6620612,0.51536058
Carex_filifolia,N,2.166666667,526.3071363,,,9,0.181971429,107.557439,,357.4757148,0.510912698
Lespedeza_repens,N,1.47037037,,39.10144532,6.239747607,99,0.476045964,106.6381304,0.453742954,535.8050628,0.508674063
Lespedeza_procumbens,N,1.672619048,,38.99907415,6.133322174,99,0.474893468,106.1669545,0.452435807,534.0122696,0.507132987
Amelanchier_alnifolia,N,4.05,,,,99,0.376066667,20.87559973,0.48,,0.503968254
Bromus_rubens,I,3.458333333,487.3554406,23.43579785,,99,0.652039594,375.0488422,0.632120679,8.425000009,0.503235293
Sorghastrum_secundum,N,4.833333333,526.259598,29.64989287,,99,0.463289233,243.1287242,0.823908503,410.2566937,0.502992932
Sorghastrum_elliottii,N,7.5,526.2595816,29.64988613,,99,0.463289159,243.1286583,0.823908342,410.2565091,0.502992816
Eupatorium_mohrii,N,1,456.5892738,26.58263761,19.33301795,99,0.621540798,174.9742135,0.680245151,275.4405098,0.500825973
Draba_nemorosa,N,0.5,,,,99,0.13435,271.5601557,,,0.5
Cirsium_discolor,N,3.75,489.71891,,24.98518393,99,0.434541024,281.8814146,,,0.499287285
Cirsium_horridulum,N,2.5,489.71891,,24.98518393,99,0.434541024,281.8814146,,,0.499287285
Cirsium_occidentale,N,9.875,489.71891,,24.98518393,99,0.434541024,281.8814146,,,0.499287285
Cirsium_undulatum,N,0.645833333,489.71891,,24.98518393,99,0.434541024,281.8814146,,,0.499287285
Symphyotrichum_adnatum,N,0.666666667,446.5357598,23.43088545,168.8295467,99,0.44333784,167.7276067,0.707777579,270.912393,0.497627336
Symphyotrichum_campestre,N,0.5,446.5357403,23.43087949,168.8293723,99,0.44333776,167.7275543,0.707777433,270.9122665,0.497627207
Symphyotrichum_lanceolatum,N,1.375,446.5357403,23.43087949,168.8293723,99,0.44333776,167.7275543,0.707777433,270.9122665,0.497627207
Symphyotrichum_prenanthoides,N,5,446.5357403,23.43087949,168.8293723,99,0.44333776,167.7275543,0.707777433,270.9122665,0.497627207
Amaranthus_retroflexus,N,0.5,,,0.313457321,99,0.134238333,181.4498878,0.251928662,,0.492098493
Pinus_jeffreyi,N,2,,27.60615544,,16,1.294833723,149.484263,,251.2499998,0.491597675
Cirsium_arvense,I,4.594444444,472.2349056,15.2,0.45462063,70,0.459230388,64,0.294068165,,0.490722754
Cerastium_arvense,N,1,413.7357728,22.50153097,64.74204759,16,0.188766667,91.58154987,0.578835373,,0.486326636
Artemisia_pattersonii,N,0.583333333,519.3818453,21.43529509,172.8987332,73,0.498427418,133.6518662,0.569461042,175.2633333,0.485351124
Cirsium_scariosum,N,1,488.9188862,,22.42378946,99,0.427002974,274.9196953,,,0.482802433
Quercus_rubra,N,3.070604396,414.1637307,12.6528152,25.79563837,26,0.428547825,45.41290113,0.409720956,91.43999992,0.482531601
Prunus_avium,I,1.033333333,,14.2686886,35.29493448,35,0.958079807,59.76960366,0.515,50.49999999,0.478190144
Ulmus_alata,N,1.605555556,,33.04116961,,99,1.074542414,367.7223749,,,0.476785523
Sporobolus_cryptandrus,N,0.961538462,455.1351057,27.83358253,0.558075492,99,0.834742394,29.09273808,0.3235,43.62091107,0.476
Descurainia_sophia,I,0.5,,,,99,0.1259,168.6505264,,,0.475
Heterotheca_canescens,N,2.638888889,430.564825,22.53902804,,99,0.354488675,142.8337328,,616.1738812,0.468436497
Dichanthelium_oligosanthes,N,2.708658009,461.3555056,29.33703615,4.616993922,99,0.255394952,347.0473951,0.491104229,,0.46705263
Dichanthium_annulatum,I,16.66666667,483.7399997,6.700000005,72.20000007,99,0.991274056,225.2099674,0.57021033,288.9279633,0.460988449
Bouteloua_gracilis,N,7.067896825,464.6456814,15.74252222,33.23132004,99,0.186332778,75.92242199,0.307265005,54.62699112,0.447182567
Quercus_virginiana,N,6.916666667,475.3506083,6.986079814,,99,0.358333333,12.14660453,,,0.442786517
Poa_annua,I,0.75,460.5300666,5.254285716,0.398704992,29,0.156036709,405.4357363,0.287832528,72.38713661,0.441433566
Juncus_bufonius,N,2.333333333,525.8289894,,1.466666667,99,0.090766667,292.3895144,0.594594595,,0.44
Potentilla_arguta,N,1.305555556,,6.805883002,52.37164809,99,0.356316667,41.51212247,,69.26580007,0.437293418
Erodium_cicutarium,I,3.259259259,326.4360432,11.47977949,17.54956087,99,0.1243,143.6689835,0.549608355,19,0.43626943
Hesperostipa_spartea,N,5.194444444,417.8948222,,,99,0.1487,141.6325042,0.455405332,,0.435171956
Koeleria_macrantha,N,2.322916667,431.6788102,8.541703813,33.95247945,53,0.172358083,155.6765057,0.522549002,421.9968715,0.43423927
Danthonia_compressa,N,1.714285714,,,,99,1.569863216,179.6514027,,,0.426961906
Psoralidium_tenuiflorum,N,1.347402597,,,,99,0.317631667,34.26262713,0.827467107,,0.426284493
Ambrosia_confertiflora,N,1.111111111,452.5570686,,,99,0.701413542,333.7366927,0.806577599,492.8206125,0.425894846
Ambrosia_grayi,N,2,452.5570686,,,99,0.701413542,333.7366927,0.806577599,492.8206125,0.425894846
Heterotheca_subaxillaris,N,20.33333333,423.6009794,20.715512,222.2960702,99,0.327002758,128.6938237,,554.1645672,0.425647543
Viburnum_dentatum,N,0.5,369.1436559,11.10687499,28.98988189,77,0.536528313,10.03550524,,,0.425640074
Cirsium_flodmanii,N,1.318333333,485.9823542,,14.71503755,99,0.398620806,248.5233721,0.824848591,,0.425139898
Acer_negundo,N,1.987254902,374.5020445,15.75965896,22.38572519,59,0.27562893,36.64732866,,146.2464268,0.424861704
Desmanthus_illinoensis,N,2.25,,,0.830932152,99,0.267166667,45.09036439,0.310372438,,0.423046991
Rosa_arkansana,N,2.722222222,527.4241501,,0.202533563,99,0.30555,41.52607137,,432.2572001,0.421153994
Elaeagnus_commutata,N,4.8125,425.9999999,29.5,,99,0.3984,23.39709557,,,0.415873016
Andropogon_gerardii,N,9.538219823,475.9250005,10.20522927,56.24864824,99,0.210827222,58.66182932,0.49494064,111.7726223,0.408045977
Ruellia_humilis,N,0.9015625,502.9075889,,0.532809291,99,0.431760513,18.40109591,0.340371153,,0.40803047
Plantago_patagonica,N,0.507142857,510.1939501,,,99,0.173233333,171.7781321,,,0.406666667
Juglans_nigra,N,2.15,415.3074856,15.93851539,24.51485411,31,1.015242159,15.7541604,,224.6376002,0.404393939
Chloris_verticillata,N,0.555555556,455.8437418,27.4742417,0.794280192,99,0.2094,74.40081707,0.384538532,,0.4036723
Elymus_villosus,N,4.611111111,404.6801671,14.115364,0.332671835,96,0.150376667,148.1719819,0.2471782,29.35086021,0.403540218
Schizachyrium_scoparium,N,7.157712944,442.3941424,13.22140093,39.15986293,99,0.265647284,82.2454316,0.393598422,67.59333333,0.403212551
Geum_aleppicum,N,0.75,,,27.34805351,99,0.386275581,,,,0.398660725
Phleum_alpinum,N,0.75,420.9231656,9.103855651,46.58940532,70,0.247775709,73.34999997,0.577974869,63.44163565,0.398500373
Pinus_ponderosa,N,15.5,490.7508901,7.386978466,143.2347476,27,1.058867531,32.77948688,0.426666667,79.39499999,0.397453547
Symphyotrichum_ascendens,N,0.5,409.8944472,13.77480508,29.75682377,99,0.482135033,52.65214323,0.53549236,238.5861919,0.393321421
Artemisia_scopulorum,N,1.972222222,518.1769024,18.02544276,115.0736147,61,0.5016553,113.2326012,0.368176867,16.74999999,0.393003427
Chamaecrista_nictitans,N,2.541287879,,,17.59606836,99,0.519531432,284.0213653,0.447200444,0.671172882,0.391895503
Polygonum_douglasii,N,0.5,455.2310947,7.452726967,61.08248655,88,0.721033416,85.28165681,0.411512224,79.58995409,0.3911105
Diervilla_lonicera,N,2.066666667,438.0000005,14.07375,,99,2.65187126,74.83107703,,,0.39
Lonicera_bella,I,6.416666667,450.0000002,11.49999999,,99,2.189955186,48.59999997,,,0.39
Elymus_elymoides,N,2.533333333,412.6824185,9.224231566,40.50725519,99,0.270584666,21.23161493,0.328333333,37.87500004,0.387230769
Berberis_thunbergii,I,8.225,400.0028153,19.37777777,9.029523757,77,0.287571867,31.14075201,,279.9999998,0.386632559
Deschampsia_flexuosa,N,8,460.2143147,9.130207736,35.19447507,67,0.353740027,111.0533334,0.357471274,413.5175352,0.379845259
Trichophorum_cespitosum,N,4.3125,458.1000002,4.399999995,104.1136363,1,0.425,35.46999996,0.210945366,0.1,0.379823155
Salvia_azurea,N,2.166666667,453.4843864,,0.696257844,99,0.340241273,40.00908811,0.399958129,,0.376715167
Monarda_citriodora,N,0.541666667,468.8810525,,6.216390581,99,0.476460365,273.4766602,,,0.376259996
Fragaria_virginiana,N,4.422853536,,,0.587688064,46,0.278126667,160.5788724,0.703512221,10.24999999,0.375234402
Hesperostipa_comata,N,4.891666667,330.3142547,9.980448983,50.44145146,99,0.02,25.97628742,0.475,110.7999999,0.371
Viburnum_edule,N,1,427,13.79999999,,99,1.978874566,11.59999999,,,0.37
Lonicera_involucrata,N,1,456.9999999,11.70000001,,38,2.16813586,41.2,,49.99999996,0.37
Symphyotrichum_ciliolatum,N,4,413.9410386,23.81975987,65.23144208,99,0.1754,111.1369354,0.824368978,380.7552059,0.364705882
Vaccinium_corymbosum,N,3.558823529,,31.69004474,34.15556179,99,0.135139631,307.4586451,,595.6985193,0.363430389
Polygonum_virginianum,N,3.814546131,470.2569698,21.2866012,83.80524096,70,0.15299,176.832202,0.216074608,88.15400584,0.363164424
Artemisia_frigida,N,1.256944444,470.0874999,14.164,30.24875003,53,0.225057698,41.59806795,0.450902268,71.14557341,0.362103739
Lonicera_canadensis,N,18.03846154,430.0000004,11.79999999,,99,,21.90000001,,,0.36
Bromus_ciliatus,N,1,409.9353788,9.297675485,44.09009321,99,0.59093805,66.96317914,0.660671506,132.2918451,0.359402704
Silene_latifolia,I,3,508.9064227,,0.984987788,99,0.1789,136.6629084,0.597242379,,0.359388646
Bouteloua_eriopoda,N,6.255055361,,5.900000005,,99,0.823378028,21.06300001,0.075,72.86249995,0.3575
Viola_adunca,N,0.5,432.771554,,,99,0.27481,86.84283267,,,0.357352941
Poa_cusickii,N,0.5,528.9835113,,,99,0.1684,134.2380046,,,0.35709192
Vernonia_baldwinii,N,1.910294118,471.8683311,,1.053284366,99,0.331826667,46.83573111,0.497356356,234.8484002,0.356699249
Aristida_purpurea,N,4.72915873,370.8731842,6.528089636,34.32168507,99,0.2614,43.63699622,0.366204139,79.23672007,0.356693928
Fragaria_vesca,N,2.375,527.4804456,,1.53809524,45,0.1112,312.2441806,0.573001876,265.4438184,0.351086957
Artemisia_campestris,N,0.75,439.7811129,9.064339992,32.57374783,50,0.366195491,52.76693917,0.547920434,368.1165132,0.350006801
Euphorbia_corollata,N,0.875,,,,99,0.3749,25.89921179,,101.17,0.35
Machaeranthera_pinnatifida,N,1.427083333,473.8811927,19.00709303,259.5045962,99,0.751068187,110.2302528,0.448044271,175.0051781,0.345894711
Echinacea_angustifolia,N,1.096153846,393.5032118,,1.05053418,99,0.276467778,87.81649293,0.494408663,,0.343163415
Polygonum_viviparum,N,0.813333333,,10.85,,18,0.255,722.6469665,0.307266593,3.757200003,0.342341569
Munroa_squarrosa,N,0.5,529.1624067,9.399450411,56.29716457,99,1.884076105,113.6706219,0.324485581,443.2017278,0.342045569
Hordeum_murinum,I,21.59722223,430.9568728,22.96580064,116.7444969,99,0.217582152,204.9930273,0.28956326,5.816666672,0.338959103
Symphyotrichum_patens,N,2.6,406.258317,10.79895247,5.969609336,99,0.376594867,78.17074023,0.521056938,84.8538177,0.338157132
Symphoricarpos_occidentalis,N,4.961507937,,,,99,0.302883333,49.10063537,,,0.337326723
Comandra_umbellata,N,1.329761905,,,,99,0.321385714,31.36179278,,,0.334821433
Polygonum_alpinum,N,1.333333333,,25.25668872,,7,0.696487728,,0.544610065,53.70395907,0.33406749
Penstemon_cobaea,N,0.5625,512.7882518,,0.344645972,99,0.421628889,24.75990346,0.23326732,82.8950823,0.331151488
Rumex_crispus,I,5.5,466.2843449,3.23742857,2.918750001,76,0.17924,145.3615285,0.500519027,,0.330035336
Lonicera_tatarica,I,0.5,445.4999996,15.925,,36,2.114260597,49.87500004,,,0.33
Lonicera_morrowii,I,0.5,442.9999998,12.4,,97,2.161645937,46.79999999,,,0.33
Senna_marilandica,N,0.5,,,0.345736246,99,0.327888333,51.81253437,0.255538913,,0.329594691
Geranium_molle,I,3.602564103,462.6181002,24.66664852,0.435203001,99,0.112466667,289.9024476,0.288286877,,0.329104478
Panicum_virgatum,N,4.505,489.12314,16.85171284,41.12476176,99,0.228444722,90.38163366,0.353602213,183.2101706,0.32898758
Eclipta_prostrata,N,3,401.5999999,10.35,38.80193234,99,0.487,30.59999997,0.584251162,,0.328471392
Pinus_taeda,N,3.150666667,516.8,4.841116189,80.2942687,54,0.653543015,11.77794644,0.228455777,178.5866666,0.327857156
Apocynum_cannabinum,N,4.972222222,,23.55223416,0.361760077,99,0.304732222,54.03916378,0.26399554,568.355717,0.326740067
Symphyotrichum_oblongifolium,N,3.560964912,386.85833,8.170944535,0.808277211,99,0.314932222,44.79630212,0.442777037,48.91000002,0.324153605
Acer_rubrum,N,3.578085436,395.2707948,10.34069274,29.70484441,12,0.470444444,37.35857085,0.388295918,156.6399998,0.322402685
Asclepias_viridis,N,0.75,,15.08460574,1.146450714,99,0.36446,41.5711192,0.511032351,205.8846342,0.320746666
Packera_paupercula,N,1,451.0413736,37.27056379,1.172540569,99,0.472546593,43.41481629,0.411755676,650.3663252,0.320721015
Lespedeza_stuevei,N,2.166666667,525.1616366,30.86843312,0.648592745,99,0.335620798,57.65200923,0.298413309,399.7851237,0.319592864
Verbesina_alternifolia,N,5.84,490.4994351,,0.825707667,99,0.450266667,30.29138382,0.447052648,,0.31797855
Capsella_bursa-pastoris,I,0.5,477.5350079,31.45658583,0.119114568,99,0.134866667,266.022722,0.294638074,330.3686265,0.316666667
Galium_boreale,N,2.15462963,,31.13573827,3.292000003,47,0.1779,172.8382765,0.767008387,100,0.315984509
Solidago_ulmifolia,N,2.75,381.1242719,10.03021573,0.472756442,99,0.309087143,45.686088,0.315328647,74.45525446,0.315145349
Baptisia_australis,N,3.25,523.5112094,,0.424740029,99,0.341488333,38.02265955,0.294665832,,0.313017101
Penstemon_tubaeflorus,N,1,523.4712492,,0.226002865,99,0.201666667,114.0053011,0.179213259,93.41524622,0.312844037
Sphaeralcea_coccinea,N,1.2890625,,,,99,0.3163,65.58396995,,120.6000001,0.312666667
Bouteloua_curtipendula,N,8.88458869,385.4800033,15.3076481,34.85460425,99,0.211506333,126.6542673,0.418103269,,0.311237007
Carya_tomentosa,N,6.16091954,508.7000004,7.400000005,68.47000002,23,2.375602553,201.0100204,,294.1441183,0.310229194
Solanum_carolinense,N,4.4925,,,0.615701328,99,0.226517334,90.12513142,0.372583105,,0.308612248
Oenothera_macrocarpa,N,0.9,502.5134026,27.25200547,0.191567539,99,0.346706667,45.58875604,0.157839357,673.6234974,0.308307249
Hedera_helix,I,1.25,,,,70,0.5464,14.31832415,0.225336096,2.000000002,0.308041315
Zizia_aptera,N,1.222222222,475.5424897,17.46222189,40.54652208,99,0.57275267,208.6203182,0.496892045,,0.306022989
Pinus_contorta,N,96.08333333,493.5,8.916666674,101.3479896,25,1.176053197,90.12887069,0.337643766,59.79246899,0.30493498
Eriophorum_scheuchzeri,N,1.45,,19.21798303,,2,1.5374654,519.4910268,0.271662102,8.375000006,0.300093604
Eleusine_indica,I,2.5,464.1486628,23.6651787,0.166549691,99,0.119226667,317.3999683,0.236385597,386.890959,0.29663462
Pinus_elliottii,N,1.5,494.0000001,10.23848636,43.40000005,37,0.54179375,27.53660514,0.56615735,209.5643333,0.295733333
Erigeron_speciosus,N,1.055555556,417.7580257,8.55082015,60.29585432,99,0.53961,34.0338408,0.206167134,5.416293666,0.294202074
Stenosiphon_linifolius,N,1.045454545,,,,99,0.292329286,71.665646,0.333873358,,0.293228953
Lespedeza_violacea,N,4.2625,524.8997394,30.67607544,0.450224388,99,0.315161667,51.84981976,0.276570108,396.8366348,0.292394801
Bursera_simaruba,N,1.666666667,448.7720874,8.262187243,,99,0.448666666,6.006312041,,,0.291414141
Microstegium_vimineum,I,12.54363234,,10.72012504,26.34145506,99,2.136187459,93.26189292,0.063175546,14.05182675,0.288700247
Symphyotrichum_cordifolium,N,3.6,425.422192,13.80077319,22.0103058,99,0.392668407,115.2385302,0.525665014,104.6981279,0.287845147
Symphyotrichum_pilosum,N,2.5,425.422192,13.80077319,22.0103058,99,0.392668407,115.2385302,0.525665014,104.6981279,0.287845147
Symphyotrichum_praealtum,N,0.5,425.422192,13.80077319,22.0103058,99,0.392668407,115.2385302,0.525665014,104.6981279,0.287845147
Symphyotrichum_dumosum,N,1.505208333,426.5790302,14.19289947,23.57889895,99,0.393043702,121.9002757,0.530906633,108.312601,0.286936144
Symphyotrichum_spathulatum,N,3.291666667,426.6632967,14.2214608,23.57346627,99,0.392531983,122.7916881,0.530733334,108.3717589,0.28576494
Cirsium_vulgare,I,1.25,466.7276048,,2.678301885,99,0.184,131.2433191,0.728135419,,0.285613682
Symphyotrichum_drummondii,N,2.375,426.6171439,14.21829834,23.41212496,99,0.392243405,123.0241285,0.530417197,108.2103326,0.28530085
Machaeranthera_canescens,N,1.5,441.2202456,11.39190792,38.73102272,99,0.770237756,58.25391838,0.378631745,141.4925634,0.280807697
Poa_fendleriana,N,0.541666667,404.5034025,6.478414538,62.43864144,99,0.807806098,30.41400724,,,0.279
Hordeum_pusillum,N,0.5,395.8709733,18.9194388,1.833504769,99,0.183088333,157.157938,0.46335377,123.8565743,0.278984039
Hordeum_jubatum,N,0.5,393.9995752,17.08009856,1.422059376,80,0.183928889,151.3143989,0.437538435,104.860326,0.277054913
Acer_saccharum,N,7.028693182,445.7494942,11.4230756,33.34081157,70,0.485946465,41.0391172,0.368320818,70.65999998,0.27589533
Tragopogon_dubius,I,1.055555556,473.277482,,0.96443721,99,0.3849,68.7381409,0.490096133,,0.27502617
Elymus_trachycaulus,N,2.9375,433.9802174,8.223750598,52.77156842,99,0.251208625,62.47601104,0.305,60.71026561,0.272480488
Rosa_acicularis,N,2.997222222,,19.83128733,28.81395728,39,0.2912,55.83413586,,,0.27
Physalis_virginiana,N,0.607142857,,,0.252886482,99,0.3,54.00000002,,,0.27
Packera_plattensis,N,0.5,450.0773306,36.89998183,0.584290431,99,0.41795,35.29385808,0.355899288,643.7745242,0.269510803
Festuca_subverticillata,N,1.310185185,444.8567372,13.93132891,0.422495286,99,0.17404,177.3814889,0.291620897,142.9630281,0.269359186
Achnatherum_hymenoides,N,0.75,480.393786,,,99,0.629579718,12.00999999,,125,0.269
Asclepias_verticillata,N,0.705833333,,9.604710254,31.94517451,99,0.4293,37.10654449,0.460715149,81.15040003,0.266379493
Chamaesyce_nutans,N,0.714285714,,,,99,0.2007,118.833505,0.131120884,,0.2662963
Pinus_palustris,N,4.875,524.5198409,8.497036034,30.70867181,9,0.780833334,13.76,0.465,143.2296475,0.26558129
Solidago_rugosa,N,1.166666667,422.1341167,21.73560161,16.65531727,99,0.449980836,149.7699108,0.3997677,121.3158519,0.265236996
Parthenocissus_quinquefolia,N,2.386195055,,26.84712631,18.13441695,99,0.175766684,152.6108109,,,0.264285714
Dichanthelium_acuminatum,N,0.7625,451.5396603,26.57633086,0.439856274,99,0.168426667,180.8969918,0.301456924,,0.26424325
Fraxinus_pennsylvanica,N,4.135606061,,,,27,1.30487004,134.2455854,0.3,155.0077335,0.263989929
Artemisia_cana,N,3.125,495.4809151,17.39582586,75.03150229,63,0.31,55.91952401,0.445630052,81.31930199,0.261669741
Lonicera_japonica,I,2.289657738,430.0000004,8.900000007,93.45394038,61,2.84,55.29999996,,535.6744397,0.26
Solidago_altissima,N,10.125,429.9448558,19.05827318,19.04743232,99,0.603254632,139.236423,0.361253853,68.7458711,0.257967738
Solidago_odora,N,0.833333333,429.9448558,19.05827318,19.04743232,99,0.603254632,139.236423,0.361253853,68.7458711,0.257967738
Solidago_puberula,N,0.6,429.9448558,19.05827318,19.04743232,99,0.603254632,139.236423,0.361253853,68.7458711,0.257967738
Symphyotrichum_laeve,N,1.214285714,401.4049771,10.96417621,1.428696214,99,0.318988333,81.87726213,0.403790372,72.18915357,0.253411079
Heterotheca_villosa,N,2,387.134666,12.64685988,30.61112953,99,0.2195,70.85790276,,240.0000002,0.252040816
Solidago_hispida,N,0.5,416.9169191,19.51962118,9.649425652,99,0.405076828,121.6678709,0.349605516,101.6131478,0.251573889
Oenothera_biennis,N,0.5,498.2592225,28.26793678,0.183403512,99,0.263672381,77.25980719,0.21655586,28.54599997,0.247747747
Symphyotrichum_concolor,N,0.666666667,430.9611718,13.4471609,31.00195189,99,0.38754347,103.4887828,0.481326701,91.43678068,0.247127304
Galium_aparine,N,1.171772487,,17.66740827,13.9578035,99,0.153183334,392.1653015,0.269973886,223.3051574,0.246153846
Solidago_arguta,N,0.75,413.4798838,17.99214122,6.709188894,99,0.38292409,107.3110904,0.329876044,91.10347176,0.244834689
Solidago_simplex,N,1.778846154,413.8596333,18.31000266,7.100057659,99,0.380196665,109.0792695,0.331694248,64.66840001,0.24388417
Vulpia_octoflora,N,1.392857143,493.7020397,,0.523699637,99,0.11168,437.3523063,0.327611169,,0.243529486
Sorghastrum_nutans,N,5.825945378,494.1427952,14.02109077,40.94029814,99,0.249079444,98.36606469,0.452414279,100.4062,0.242752216
Solidago_flexicaulis,N,1,415.1120015,18.48450533,7.484233988,99,0.385741396,111.2440705,0.329228803,92.27554809,0.240630554
Celastrus_orbiculatus,I,1.550793651,438.9999998,12.7,,99,,66.70000001,,,0.24
Trifolium_incarnatum,I,7.8,474.1911719,,,99,0.275261944,263.0797776,0.17,196.5806328,0.236297257
Symphyotrichum_sericeum,N,2.4,432.6908314,13.38804972,34.05801822,99,0.384621224,101.3699578,0.469515152,87.91823943,0.235085506
Eriophorum_angustifolium,N,3.78125,482.7077495,6.775000007,174.5244324,2,0.787499999,289.3481874,0.245397913,18.989127,0.23419805
Celastrus_scandens,N,2.25,441.9999996,15.30000001,,99,,40.39999999,,,0.23
Sassafras_albidum,N,2.572123016,383.0989097,16.73095303,20.64671429,78,0.658310486,15.92870851,,68.17500006,0.22862963
Lespedeza_capitata,N,1.597222222,,32.70747544,9.573895019,99,0.321033333,77.92221586,0.282762352,159.9692,0.228401178
Lactuca_canadensis,N,1.833333333,458.5141303,13.03136311,0.940673977,99,0.398776667,37.43974266,0.43039651,399.9792677,0.228377583
Rubus_idaeus,N,6.902777778,,15.67776217,30.02657701,40,0.216138889,146.9605041,,9.666666663,0.228042328
Eupatorium_altissimum,N,1.729166667,433.3000334,18.22091407,0.496764841,99,0.353297976,57.35341048,0.327715495,169.3578265,0.226407595
Veronica_officinalis,I,0.730392157,511.7663349,,1.593333334,58,0.152333333,254.1672008,0.348965296,,0.225471698
Gutierrezia_sarothrae,N,3.126488095,347.3473357,8.433279574,28.01242837,99,0.2661,82.73711096,,88.42397577,0.225
Taraxacum_officinale,I,1.635416667,441.3546088,12.16079023,43.53266883,69,0.278097407,155.0311198,0.481051454,22.80740739,0.224686511
Rhamnus_davurica,I,41,,29.94565067,24.58677919,99,0.1805,180.7463912,,,0.223573201
Artemisia_ludoviciana,N,2.444594595,457.6486625,7.65553618,0.292974039,27,0.306467566,74.44231186,0.24225099,31.33664021,0.222016659
Fagus_grandifolia,N,8.338541667,524.7999996,9.147222223,45.25000005,34,0.558491491,32.13010361,0.205,81.28000001,0.22154482
Elymus_repens,I,4.343478261,404.5999996,17.04213636,20.77073821,85,0.252850672,95.33941395,0.454366466,120.305691,0.220460629
Elaeagnus_umbellata,I,2.404761905,446.9999999,39.40000002,,99,1.676155473,28.70000002,,,0.22
Frangula_caroliniana,N,3.603125,455.0000004,17.60000001,,99,1.072228214,32.5,,,0.22
Asclepias_tuberosa,N,1.547619048,,19.90582433,19.65335161,99,0.5,35.58333334,0.53,452.2753781,0.22
Rhus_glabra,N,7.789912281,,3.657763188,,99,0.805697139,203.0474477,,147.2099333,0.219711044
Eryngium_yuccifolium,N,4,521.8808535,,0.811258492,99,0.370311667,57.27707005,0.375354187,,0.216335625
Asclepias_incarnata,N,0.5,,6.907411273,30.30105767,99,0.396735,46.8577417,0.289182519,5.360000004,0.213493498
Lactuca_tatarica,N,0.980392157,513.5159473,35.71198344,,93,0.336325,77.19169244,,,0.213227444
Agrostis_stolonifera,I,1,399.2635718,6.199999993,0.381539157,82,0.113703535,350.9419646,0.363783369,65.4227845,0.212659866
Lindera_benzoin,N,10.0717998,417.955946,15.38055556,18.74733461,89,0.728172261,13.97617384,,,0.211958996
Prunus_serotina,N,1.653505224,,1.37,,34,0.564015476,22.00401686,0.295,67.54368004,0.211926394
Carya_ovata,N,13.65,450.3741323,8.349999991,,99,0.549253131,29.15719303,,136.1981868,0.211192582
Euonymus_americanus,N,0.876992754,443.9999999,18.2,,99,,39.60000001,,,0.21
Solidago_missouriensis,N,2.850735294,410.0578397,21.13835036,12.05705474,99,0.308180001,100.2127031,0.424807543,88.44000002,0.208174196
Stellaria_media,I,1.757246377,460.7369079,21.09999999,0.38628161,26,0.198408334,179.613599,0.326914186,,0.207317073
Symphyotrichum_urophyllum,N,1,436.6320725,15.41036835,41.82533752,99,0.358041002,150.3307912,0.510353478,112.720707,0.206673009
Asclepias_sullivantii,N,1,,9.795747998,0.527520099,99,0.347516667,49.21205583,0.34534413,70.97789025,0.206336685
Pascopyrum_smithii,N,4.290291807,369.5750046,11.27963185,32.76481092,99,0.211564286,59.88731331,0.3941423,211.7529967,0.206075395
Cirsium_altissimum,N,0.5,476.5626838,35.12737293,1.001337699,99,0.252441905,119.683724,0.471285018,,0.205500129
Solidago_mollis,N,1.75,385.8373014,9.258251111,0.521821313,99,0.3835,43.36676923,0.327111006,70.08418867,0.20538617
Sanguisorba_officinalis,N,0.5,,13.20614791,38.34815517,56,0.450218182,82.12069439,0.396324155,100,0.205004403
Bromus_tectorum,I,2.636494253,416.2256623,7.006735799,59.40364732,41,0.739070725,31.204343,0.425,58.25473782,0.203345638
Eriophorum_vaginatum,N,5.648695055,450.8999997,8.28423311,43.20333334,2,0.759761905,171.9343523,0.165833334,22.50952383,0.203302226
Solidago_canadensis,N,25.04610177,420.8372451,31.08995652,31.06468762,99,0.257344851,192.5960452,0.514840336,202.5091198,0.203282251
Rosa_multiflora,I,3.964285714,438.9999998,10.39999999,,99,,40.79999999,,,0.2
Sporobolus_heterolepis,N,2.866666667,,,,99,0.35,52.00000004,,,0.2
Agrostis_scabra,N,0.75,452.6898295,12.3048825,24.03749849,99,0.21,109,0.489858837,132.5570764,0.2
Ambrosia_psilostachya,N,3.341689103,356.8556211,12.89894699,18.46475119,99,0.206,72.86941618,0.657858891,66.32999995,0.199550076
Calamagrostis_stricta,N,1.829761905,511.2992279,8.900000007,169.2804761,17,0.856124064,832.8437633,,118.9534613,0.19193435
Elymus_canadensis,N,2,418.9775298,15.93812667,1.415197129,20,0.198154861,126.9324872,0.477364246,37.43959999,0.191672583
Anemone_cylindrica,N,1.560185185,,20.30941266,26.25181246,99,0.36,83.99999999,0.396875,,0.19
Verbascum_thapsus,I,0.5,441.6661068,10.57730316,27.88708035,65,0.33,45.41247889,,,0.19
Helianthus_pauciflorus,N,2.391666667,405.6372285,17.50766814,0.179688157,59,0.36,52.00000004,0.375064101,85.09000007,0.19
Pinus_rigida,N,1,,8.728374121,,20,0.843847729,61.77373414,0.305652855,155.3172134,0.188396572
Pseudotsuga_menziesii,N,52.44818376,491.1650002,5.855257149,64.40662647,70,1.038166668,29.19420424,0.298095364,74.67933001,0.188
Artemisia_tridentata,N,15.05,,28.39240793,,39,0.485315,81.16464061,0.33,123.7050001,0.185113366
Pteridium_aquilinum,N,14.37952141,,9.852689828,37.27879708,61,0.2511,45.07617933,,42.28000004,0.184848485
Betula_lenta,N,3.727873563,,14.17500001,,85,0.226162792,109.7000001,0.3475,71.12000001,0.184
Phalaris_arundinacea,N,24.66666667,450.9215671,20.71858201,2.29577465,31,0.252341667,159.3597053,0.473860399,508.1241315,0.181670595
Hamamelis_virginiana,N,9.653921569,442.871042,8.604408329,45.57333333,91,0.535463368,25.85665353,,,0.180996742
Phlox_hoodii,N,2.25,,,,99,0.2647,107.0545926,,36.89428574,0.180454545
Sambucus_nigra,N,0.5,,16.99999999,,56,0.40924,110.0690695,0.348042648,,0.18
Calamovilfa_longifolia,N,0.5,,5.224599999,89.80000007,99,0.48,33.00000001,,119.8442401,0.18
Plantago_major,I,0.75,392.9492761,27.13168317,0.712063145,72,0.1577,186.2488381,0.343340803,,0.17990099
Leucanthemum_vulgare,I,0.5,417.2671889,9.206818718,47.83925844,70,0.245492222,220.7146985,0.47391085,10.385,0.178238532
Tsuga_canadensis,N,3.702380952,522.0036797,1.509999999,185.3968742,8,0.5,37.17067237,0.335,61.65244437,0.178042556
Hordeum_marinum,I,14.14285714,436.2147443,27.6579274,97.30649218,99,0.246,352.7484596,0.600927945,104.9674675,0.178
Liriodendron_tulipifera,N,2.186545139,403.3541345,17.37687728,17.98728111,53,0.828603232,10.81587108,0.406755689,,0.177367326
Pinus_pungens,N,1.5,473.9996754,1.339999999,0.639376828,10,0.48,31.39999999,0.520328991,131.446194,0.176
Vitis_riparia,N,1.3125,,,,99,0.705804216,19.4098373,,,0.175975616
Dalea_purpurea,N,1.122695853,,12.22915,29.59636175,99,0.330447619,88.72272743,0.4175,107.2438889,0.174143261
Fraxinus_americana,N,6.382088745,461.1342745,17.29418964,26.85750857,52,0.628019038,30.11204619,0.497558858,108.9829333,0.173936676
Podophyllum_peltatum,N,2.071428571,,,,99,0.954795237,12.65477684,,,0.171262433
Deschampsia_cespitosa,N,1,435.2656428,8.955796424,30.83431729,40,0.193316138,255.4888121,0.463646707,120,0.170736151
Nyssa_sylvatica,N,4.182291667,450.7389452,12.20949999,44.23666662,96,0.867653042,12.86334424,0.522,,0.169013704
Callicarpa_americana,N,7,459.0303035,20.59871434,,99,0.429633333,22.98446001,,,0.168178206
Achillea_millefolium,N,0.5,396.2967877,18.86268555,50.24794662,55,0.244712065,180.3105703,0.534256431,30.83000002,0.16774805
Liatris_punctata,N,3.625,437.3337821,18.06823903,3.058556348,99,0.3044,118.8077502,0.732865852,163.5952599,0.16753096
Asimina_triloba,N,13.325,447.811278,23.76857636,21.54999998,60,0.679715278,11.6717671,0.732,,0.167133333
Rumex_acetosella,I,3.875,441.9999996,6.890898532,76.23737741,12,0.301233958,68.83565797,0.352449817,,0.166783945
Symphyotrichum_lateriflorum,N,0.916666667,441.2414095,15.9550373,55.2346976,99,0.331000305,159.1770424,0.495504736,114.2396672,0.166758199
Monarda_fistulosa,N,0.95,451.0674805,19.37284889,0.244766104,99,0.276523333,89.55269252,0.453523132,,0.165191358
Duchesnea_indica,I,3.175490196,,14.34944166,31.52353517,60,0.1938,204.2005084,,,0.163888889
Trifolium_pratense,I,0.5,365.2000001,20.48174274,11.27548826,68,0.252790227,166.1298699,0.235814682,165.8696862,0.16269724
Chamaecrista_fasciculata,N,4.010416667,,,0.5375469,99,0.281218,104.1075226,0.211841914,0.108125,0.162591084
Liquidambar_styraciflua,N,8.675813008,466.546438,8.682989003,61.9445635,61,0.42930201,16.01464046,0.485989641,,0.161694444
Ageratina_altissima,N,5.790625,448.27691,22.59091107,0.298989532,95,0.23864,168.9669715,0.225568153,124.3961429,0.161432544
Liatris_tenuifolia,N,1.333333333,488.5092307,26.07809711,37.38258022,99,0.331298082,225.279584,0.346519642,63.95510335,0.161143658
Elymus_virginicus,N,0.931818182,427.0147496,14.10622684,0.825074358,20,0.19509898,228.79185,0.328824272,37.62396618,0.161021321
Xanthium_strumarium,N,3,382.3168862,14.43348857,0.409881186,20,0.394342596,30.02152629,0.353655695,516.5658389,0.160897037
Platanus_occidentalis,N,10,491.2516499,8.329369667,57.46333334,85,0.631931399,15.02205812,0.429380278,183.7944001,0.159891179
Cercis_canadensis,N,4.27936508,,1.709999998,,99,0.366,27.10000001,,110.4595201,0.159
Menyanthes_trifoliata,N,15.4,431.1023686,7.084951571,60.84760979,3,,,,50.24999999,0.158432188
Antennaria_neglecta,N,2.765306122,467.2133299,21.7700919,0.154341777,99,0.271815,118.3340008,0.13356376,86.9452049,0.15753416
Adiantum_pedatum,N,5,463.468299,12.83490026,40.34893629,99,0.356768775,124.1085955,,,0.156742547
Phleum_pratense,I,1.666666667,409.8404484,9.966626997,24.63096584,28,0.161088535,348.8487314,0.326589163,10.38428572,0.155576899
Cornus_florida,N,7.086666667,459.4704164,13.98520836,42.85333333,80,0.528157025,27.82241139,,,0.154890622
Pseudoroegneria_spicata,N,1.166666667,444.6920531,24.98760873,208.100957,88,0.237714286,103.8213417,0.46,231.9633283,0.153771092
Symphyotrichum_ericoides,N,1.356194196,439.7032357,11.01820999,27.17349449,99,0.3263,73.8366666,0.397673063,50.92,0.151923077
Trifolium_campestre,I,18.58333333,484.8576244,29.80100539,7.463272793,18,0.215744024,407.7822783,0.235973605,162.1671635,0.150173529
Hedeoma_hispida,N,0.5,440.611875,28.10240457,0.07058366,79,0.22,166,,,0.15
Calamagrostis_purpurascens,N,1.18030303,450.6383669,24.53168818,,99,0.341436191,135.1794721,0.500067556,54.45760005,0.148382063
Helianthus_petiolaris,N,0.5,471.9979328,29.24999997,9.633534965,79,0.31801246,202.4467392,0.102257887,143.9042134,0.146994245
Gleditsia_triacanthos,N,1,423.4815247,21.01341144,21.12666666,76,0.525120237,17.44047849,0.59,217.8236269,0.146611111
Campanula_rotundifolia,N,0.725724638,422.7817305,13.14618086,17.85645518,30,0.141566667,475.6578002,0.776835527,,0.146551312
Magnolia_acuminata,N,0.625,444.2616252,19.40591148,24.19333333,99,0.871098001,13.6527612,,,0.145404762
Rudbeckia_hirta,N,2.15,483.6357943,21.64517598,0.716558668,12,0.270602333,146.1141964,0.348822569,0.071388889,0.14325585
Panicum_capillare,N,1.316666667,459.7462476,20.04736737,0.665651644,99,0.188933333,218.0000002,0.409817185,,0.14
Asclepias_syriaca,N,3.357142857,,18.01830002,25.29999999,99,0.43,48.25333336,0.759242129,568.267567,0.14
Plantago_lanceolata,I,0.5,427.4445932,11.72374763,34.38961589,81,0.21282518,219.0384326,0.371215767,38.39476193,0.138912722
Dactylis_glomerata,I,28.11666667,433.1426896,8.454693809,42.43985779,49,0.198620963,307.3210441,0.421090208,43.61547926,0.138583824
Populus_grandidentata,N,5,390.3484909,1.149999999,0.44111995,1,0.48948375,52.26499377,0.580000001,72.71111107,0.13808563
Bromus_hordeaceus,I,9.680849754,447.7778393,8.874774074,23.6926739,50,0.174032783,428.9940987,0.27542457,29.28169327,0.137083333
Fraxinus_nigra,N,3.111458333,,,,99,0.610641112,30.95281892,,101.6,0.136671025
Morella_cerifera,N,1,466.0747143,13.27280503,,99,0.313333333,42.07931825,,,0.136588343
Liatris_aspera,N,1.5,495.2929105,23.72032767,27.16654788,99,0.297811667,202.4005317,0.271021148,49.56857321,0.135313282
Diospyros_virginiana,N,4.507183908,451.6514169,16.23049481,35.05666665,72,0.595262654,20.22883682,,,0.133833333
Cerastium_fontanum,I,0.5,418.9326578,8.867917109,44.16157816,29,0.281333333,106.1199076,0.163756176,,0.133299797
Viola_pubescens,N,2.252777778,435.3200005,30.08000001,14.56,56,1.229999999,412.5399998,,,0.132227632
Zizia_aurea,N,0.75,453.210172,13.5620294,1.041728467,99,0.310666667,99.63221671,0.256686799,,0.13137168
Poa_nemoralis,N,4.083333333,,,,37,0.25,169.0000002,0.71586545,2.68,0.13
Solidago_nemoralis,N,0.875,447.6121934,25.91150401,27.06991238,99,0.371904074,171.5748824,0.245841752,99.88862157,0.129791058
Trifolium_repens,I,0.5,427.8730462,25.66576332,7.418082893,66,0.277011072,168.7090461,0.155738001,40.11166671,0.123144013
Magnolia_virginiana,N,2,507.4644751,21.97553384,27.16000002,97,0.879351142,17.25582724,0.599999999,,0.122083333
Ulmus_rubra,N,47.25,425.9128565,1.530000001,0.423640512,99,0.37,79.09999991,,130.5334222,0.122
Onoclea_sensibilis,N,8.916666667,455.6337994,10.84657706,44.4915584,99,0.336781374,92.88760709,,,0.121127166
Symphyotrichum_puniceum,N,1,444.7721799,16.35783119,69.13066882,99,0.28,141.9999999,0.479631172,115.0026258,0.12
Melilotus_officinalis,I,2.503333333,418.1647434,3.750000002,1.094490079,35,0.29,100,0.285,49.72482344,0.12
Ilex_opaca,N,10.825,532.1141869,11.4866,62.48291667,54,0.457770822,36.01463926,,,0.119416667
Arrhenatherum_elatius,I,2.510714286,420.7,9.810971452,34.83210028,20,0.239024786,165.3433799,0.453670622,127.7575498,0.119407807
Helianthus_hirsutus,N,4.118055556,500.5837913,,93.9364473,36,0.729904177,427.3297434,0.261593171,310.3724991,0.117068957
Solidago_multiradiata,N,1.6640625,468.9850999,16.46621404,28.72892771,76,0.890000001,143.0498068,0.128526998,2.323000001,0.116028764
Tilia_americana,N,2.452380952,,1.419999999,,99,0.446145834,90.59109789,,97.07879992,0.113233139
Dalea_candida,N,0.714285714,,22.61666665,27.10000001,99,0.312004762,80.91585249,0.3225,170.1799999,0.11247663
Calamagrostis_canadensis,N,2.412222222,451.0027384,23.44625748,,99,0.22,118.7917007,0.343374869,33.4587037,0.11
Sorghum_halepense,I,19.78888889,,,,50,0.766459647,322.031089,0.31125,670.1317714,0.107568097
Poa_pratensis,I,24.18426871,425.1728292,9.361865125,26.13972751,48,0.170159873,323.5329443,0.520721456,11.9044768,0.107208566
Medicago_lupulina,I,1.232142857,438.2229285,25.11389488,7.110976673,66,0.24492343,200.6893466,0.2386439,0.125,0.105696982
Halesia_tetraptera,N,7.35,446.8881667,19.60204862,26.14666665,77,0.447448523,40.86685896,,,0.1056
Prunella_vulgaris,N,2.083333333,411.8652954,9.556076637,32.21496471,65,0.256677724,209.2305897,0.335769284,,0.105496279
Galium_mollugo,I,3.458333333,,12.06782426,15.70345539,37,0.194683889,446.0084501,0.511159011,637.082331,0.105319476
Lolium_perenne,I,18.625,426.0812841,9.390194847,27.68934809,36,0.23039178,235.3913849,0.438707872,52.75674458,0.104845371
Glechoma_hederacea,I,6.75,522.2245925,15.84806833,12.97908692,52,0.195605714,419.5272797,0.211862939,,0.104315255
Paspalum_dilatatum,I,5,,8.736111111,43.99999995,83,2.668095045,18.36999999,,,0.102
Ilex_verticillata,N,6.464285714,,,,99,0.638100001,30.67680933,,,0.101984127
Polygonum_convolvulus,I,1.305555556,453.2049521,6.152194635,0.078585021,15,0.25,200.9999998,0.577022736,39.58785941,0.1
Vicia_americana,N,0.833333333,410.0235751,23.03616577,18.83345033,99,0.363178334,101.9654532,,93.79999992,0.096375062
Ulmus_americana,N,35.33333333,450.5388747,13.22185716,40.31821375,74,0.392567795,58.21652722,0.323333333,225.0539822,0.095527778
Rubus_chamaemorus,N,5.678754579,,,259.4999999,0,,,,30.0208333,0.090925342
Securigera_varia,I,5,528.3658825,,1.170000001,27,1.492241261,211.0999999,0.539170507,,0.0906
Desmodium_canadense,N,12.83333333,,21.18083748,16.4008263,99,0.34,81.99999993,,,0.09
Rhus_typhina,N,0.5,,1.509999999,,99,0.45,75.90000002,,691.7122317,0.09
Trifolium_hybridum,I,1,468.2948508,28.68342105,15.01491275,60,0.2778125,212.9972847,0.179312595,255.5212903,0.087
Equisetum_hyemale,N,4.416666667,434.8591684,15.29101763,30.58526143,99,0.597613013,55.20185971,,,0.084507469
Caltha_palustris,N,4.3125,431.3145362,14.67555364,36.40591108,27,0.2098,346.682909,,,0.083333333
Zea_mays,I,9.055555556,317.5000003,16.49999999,26.56678989,80,1.755349205,22.66700002,0.324274603,53.93331985,0.079
Calamagrostis_lapponica,N,1.074145299,448.0197362,9.028617014,49.6221886,69,0.61,93.36985826,0.177834439,2.211000002,0.073588849
Danthonia_spicata,N,2.125,,,,99,1.924990515,250.8753876,,,0.07
Glycine_max,I,44.15,,15,31.60000003,88,0.400403845,13.74395612,0.114933111,,0.0695
Sorghum_bicolor,I,30.4,,,,99,0.414,128.054,0.50725,,0.062
Medicago_sativa,I,5.326282051,433.032416,23.71826259,17.72553128,76,0.526115756,142.9731142,0.254859039,85.13142852,0.045597548
Helianthus_maximiliani,N,1,507.458034,33.89999998,12.90999999,20,0.52663248,267.2700002,0.211010839,270.0391044,0.0355
